"","time"
"1",NA
"2",790
"3",865
"4",1188
"5",901
"6",663
"7",766
"8",1301
"9",1656
"10",1550
"11",1036
"12",889
"13",743
"14",803
"15",956
"16",1239
"17",994
"18",1052
"19",881
"20",427
"21",1186
"22",392
"23",681
"24",918
"25",1787
"26",1006
"27",1230
"28",1344
"29",895
"30",843
"31",2085
"32",1109
"33",874
"34",1047
"35",1347
"36",1242
"37",338
"38",573
"39",638
"40",267
"41",1050
"42",146
"43",826
"44",1010
"45",278
"46",2182
"47",2741
"48",577
"49",629
"50",378
"51",613
"52",375
"53",856
"54",291
"55",767
"56",924
"57",178
"58",1030
"59",1071
"60",759
"61",552
"62",702
"63",1283
"64",705
"65",1253
"66",1442
"67",1698
"68",1037
"69",751
"70",888
"71",871
"72",290
"73",1057
"74",1379
"75",839
"76",1146
"77",231
"78",1000
"79",747
"80",721
"81",1372
"82",781
"83",778
"84",394
"85",876
"86",589
"87",896
"88",984
"89",762
"90",651
"91",703
"92",1010
"93",856
"94",846
"95",703
"96",441
"97",95
"98",1114
"99",963
"100",682
"101",919
"102",1003
"103",1116
"104",1178
"105",782
"106",933
"107",839
"108",746
"109",985
"110",762
"111",681
"112",1022
"113",799
"114",228
"115",836
"116",614
"117",424
"118",760
"119",638
"120",328
"121",354
"122",915
"123",576
"124",421
"125",736
"126",1678
"127",622
"128",1011
"129",923
"130",899
"131",1520
"132",32
"133",1044
"134",210
"135",781
"136",1083
"137",1234
"138",759
"139",1013
"140",937
"141",933
"142",644
"143",812
"144",741
"145",120
"146",380
"147",955
"148",456
"149",353
"150",790
"151",61
"152",147
"153",534
"154",1106
"155",986
"156",466
"157",1400
"158",1075
"159",205
"160",1018
"161",118
"162",844
"163",964
"164",982
"165",846
"166",2273
"167",2250
"168",2369
"169",604
"170",531
"171",960
"172",83
"173",542
"174",715
"175",75
"176",107
"177",838
"178",911
"179",94
"180",844
"181",722
"182",208
"183",292
"184",102
"185",485
"186",831
"187",456
"188",760
"189",883
"190",903
"191",799
"192",753
"193",1043
"194",403
"195",712
"196",747
"197",79
"198",1475
"199",9314
"200",1324
"201",2418
"202",798
"203",911
"204",444
"205",684
"206",196
"207",178
"208",798
"209",729
"210",1168
"211",1098
"212",441
"213",625
"214",356
"215",149
"216",654
"217",822
"218",1560
"219",1057
"220",1882
"221",1833
"222",1000
"223",745
"224",119
"225",546
"226",1373
"227",1342
"228",627
"229",858
"230",1532
"231",299
"232",1094
"233",836
"234",859
"235",1365
"236",1315
"237",886
"238",1322
"239",747
"240",606
"241",833
"242",1321
"243",1073
"244",589
"245",798
"246",860
"247",2237
"248",1608
"249",1073
"250",2173
"251",1227
"252",1092
"253",1645
"254",1209
"255",835
"256",1233
"257",1027
"258",1043
"259",1240
"260",657
"261",1031
"262",1031
"263",1237
"264",433
"265",623
"266",855
"267",687
"268",501
"269",715
"270",39
"271",552
"272",133
"273",989
"274",520
"275",99
"276",929
"277",1270
"278",179
"279",417
"280",1260
"281",760
"282",150
"283",126
"284",460
"285",1335
"286",1211
"287",966
"288",697
"289",247
"290",1407
"291",1148
"292",1049
"293",1168
"294",1078
"295",1014
"296",1156
"297",1256
"298",1261
"299",1307
"300",971
"301",1032
"302",882
"303",100
"304",877
"305",803
"306",87
"307",1207
"308",800
"309",619
"310",796
"311",563
"312",678
"313",1390
"314",979
"315",800
"316",1041
"317",1132
"318",868
"319",916
"320",572
"321",109
"322",101
"323",395
"324",1978
"325",798
"326",337
"327",749
"328",720
"329",768
"330",1125
"331",923
"332",115
"333",60
"334",1093
"335",1448
"336",1094
"337",991
"338",1241
"339",1274
"340",1337
"341",1138
"342",580
"343",1182
"344",989
"345",1283
"346",1148
"347",663
"348",345
"349",1373
"350",1088
"351",1262
"352",1327
"353",1433
"354",1816
"355",1049
"356",1820
"357",883
"358",1010
"359",1133
"360",895
"361",1173
"362",1009
"363",1224
"364",770
"365",535
"366",848
"367",1282
"368",981
"369",152
"370",1150
"371",1070
"372",1252
"373",81
"374",817
"375",1449
"376",1195
"377",1717
"378",1607
"379",1598
"380",1430
"381",1063
"382",1840
"383",1228
"384",1239
"385",1022
"386",1013
"387",1290
"388",901
"389",670
"390",878
"391",414
"392",1050
"393",909
"394",876
"395",940
"396",859
"397",337
"398",994
"399",635
"400",49
"401",1327
"402",990
"403",428
"404",484
"405",1630
"406",17
"407",345
"408",772
"409",823
"410",1154
"411",1915
"412",837
"413",135
"414",1765
"415",1338
"416",156
"417",199
"418",1133
"419",1406
"420",1376
"421",1589
"422",787
"423",1355
"424",1297
"425",1464
"426",261
"427",116
"428",1771
"429",1316
"430",1000
"431",1330
"432",1180
"433",464
"434",807
"435",1307
"436",381
"437",1189
"438",1104
"439",993
"440",964
"441",600
"442",681
"443",1484
"444",1074
"445",1112
"446",764
"447",1710
"448",1021
"449",1017
"450",693
"451",139
"452",981
"453",1078
"454",796
"455",1029
"456",123
"457",779
"458",703
"459",1098
"460",83
"461",1781
"462",964
"463",1459
"464",1204
"465",1092
"466",1443
"467",1811
"468",840
"469",921
"470",1571
"471",1356
"472",900
"473",1277
"474",1383
"475",477
"476",922
"477",571
"478",454
"479",536
"480",5
"481",179
"482",879
"483",71
"484",310
"485",586
"486",645
"487",111
"488",46
"489",705
"490",925
"491",1725
"492",1464
"493",658
"494",1065
"495",816
"496",1199
"497",1945
"498",141
"499",65
"500",59
"501",500
"502",214
"503",96
"504",542
"505",1190
"506",827
"507",17412
"508",686
"509",1099
"510",154
"511",955
"512",1107
"513",848
"514",906
"515",216
"516",575
"517",1334
"518",816
"519",1015
"520",1383
"521",1087
"522",1176
"523",1113
"524",665
"525",1083
"526",1084
"527",1052
"528",685
"529",754
"530",1092
"531",1367
"532",985
"533",59
"534",670
"535",669
"536",780
"537",820
"538",928
"539",116
"540",686
"541",618
"542",451
"543",268
"544",94
"545",940
"546",922
"547",466
"548",310
"549",2331
"550",651
"551",1497
"552",1470
"553",439
"554",1245
"555",1794
"556",313
"557",832
"558",590
"559",795
"560",658
"561",843
"562",984
"563",131
"564",801
"565",1113
"566",840
"567",1074
"568",998
"569",866
"570",543
"571",1090
"572",1105
"573",948
"574",984
"575",875
"576",760
"577",1126
"578",596
"579",701
"580",535
"581",940
"582",614
"583",630
"584",789
"585",624
"586",1493
"587",805
"588",1244
"589",1263
"590",1315
"591",1441
"592",978
"593",1036
"594",327
"595",1122
"596",1368
"597",468
"598",941
"599",8
"600",820
"601",856
"602",266
"603",948
"604",1238
"605",2371
"606",734
"607",567
"608",1114
"609",454
"610",829
"611",1133
"612",788
"613",1412
"614",640
"615",57
"616",294
"617",1087
"618",132
"619",828
"620",304
"621",111
"622",408
"623",1406
"624",1310
"625",876
"626",683
"627",1631
"628",837
"629",247
"630",988
"631",112
"632",1020
"633",112
"634",977
"635",122
"636",626
"637",809
"638",105
"639",199
"640",1163
"641",10357
"642",1251
"643",402
"644",1628
"645",6
"646",48
"647",1661
"648",1527
"649",658
"650",4
"651",220
"652",1722
"653",687
"654",1004
"655",581
"656",88
"657",127
"658",1228
"659",104
"660",316
"661",747
"662",76
"663",206
"664",542
"665",719
"666",1176
"667",1485
"668",397
"669",1710
"670",1680
"671",1683
"672",1056
"673",1366
"674",1221
"675",957
"676",1531
"677",1309
"678",1391
"679",1011
"680",574
"681",635
"682",4
"683",11
"684",874
"685",668
"686",873
"687",1405
"688",1215
"689",933
"690",1282
"691",1193
"692",928
"693",1321
"694",1092
"695",588
"696",1124
"697",789
"698",643
"699",1036
"700",832
"701",1141
"702",700
"703",916
"704",1298
"705",1065
"706",1599
"707",994
"708",933
"709",748
"710",942
"711",934
"712",887
"713",1151
"714",1030
"715",1160
"716",1148
"717",829
"718",1223
"719",565
"720",1081
"721",6
"722",402
"723",1242
"724",1160
"725",1013
"726",195
"727",92
"728",1052
"729",1128
"730",1010
"731",963
"732",617
"733",1018
"734",76
"735",1013
"736",812
"737",337
"738",560
"739",528
"740",95
"741",654
"742",302
"743",900
"744",948
"745",972
"746",558
"747",726
"748",762
"749",753
"750",851
"751",870
"752",1107
"753",1125
"754",965
"755",894
"756",681
"757",902
"758",381
"759",858
"760",227
"761",399
"762",542
"763",591
"764",1232
"765",608
"766",556
"767",1172
"768",798
"769",71
"770",941
"771",1552
"772",679
"773",735
"774",675
"775",569
"776",551
"777",1554
"778",470
"779",494
"780",1086
"781",217
"782",596
"783",143
"784",1589
"785",907
"786",805
"787",477
"788",979
"789",914
"790",1154
"791",549
"792",574
"793",1108
"794",738
"795",213
"796",227
"797",2776
"798",532
"799",624
"800",727
"801",452
"802",382
"803",465
"804",479
"805",533
"806",352
"807",616
"808",727
"809",818
"810",741
"811",833
"812",465
"813",170
"814",1330
"815",1222
"816",1063
"817",1572
"818",56
"819",739
"820",862
"821",1164
"822",174
"823",856
"824",101
"825",300
"826",1298
"827",1091
"828",750
"829",199
"830",1106
"831",859
"832",933
"833",563
"834",1664
"835",984
"836",835
"837",1147
"838",1740
"839",675
"840",1230
"841",1229
"842",990
"843",1468
"844",1623
"845",1221
"846",157
"847",846
"848",1048
"849",1202
"850",610
"851",668
"852",171
"853",840
"854",789
"855",1743
"856",816
"857",103
"858",646
"859",1050
"860",813
"861",762
"862",1130
"863",72
"864",922
"865",416
"866",569
"867",973
"868",1348
"869",999
"870",305
"871",109
"872",699
"873",781
"874",984
"875",585
"876",706
"877",583
"878",568
"879",989
"880",753
"881",523
"882",648
"883",743
"884",544
"885",741
"886",847
"887",229
"888",785
"889",1109
"890",762
"891",885
"892",119
"893",1325
"894",830
"895",863
"896",1661
"897",1216
"898",99
"899",348
"900",871
"901",932
"902",1071
"903",552
"904",689
"905",836
"906",563
"907",841
"908",692
"909",419
"910",806
"911",743
"912",622
"913",1054
"914",830
"915",905
"916",1330
"917",984
"918",1066
"919",1158
"920",504
"921",121
"922",531
"923",1698
"924",759
"925",1744
"926",1544
"927",798
"928",2029
"929",1079
"930",1370
"931",1298
"932",1184
"933",957
"934",1265
"935",716
"936",1149
"937",779
"938",1421
"939",441
"940",1178
"941",817
"942",1064
"943",735
"944",1454
"945",347
"946",1001
"947",1132
"948",414
"949",1396
"950",1293
"951",144
"952",103
"953",414
"954",238
"955",1740
"956",988
"957",424
"958",580
"959",1092
"960",1234
"961",267
"962",866
"963",282
"964",1132
"965",1173
"966",94
"967",1013
"968",1794
"969",919
"970",87
"971",680
"972",350
"973",98
"974",1453
"975",356
"976",1393
"977",335
"978",713
"979",111
"980",76
"981",161
"982",1150
"983",198
"984",270
"985",970
"986",120
"987",62
"988",724
"989",681
"990",1075
"991",1254
"992",1085
"993",1004
"994",821
"995",839
"996",836
"997",141
"998",1290
"999",864
"1000",1191
"1001",667
"1002",744
"1003",1351
"1004",707
"1005",1243
"1006",674
"1007",706
"1008",1519
"1009",874
"1010",655
"1011",365
"1012",1015
"1013",1025
"1014",2866
"1015",1773
"1016",1268
"1017",1479
"1018",1755
"1019",2429
"1020",2498
"1021",695
"1022",1260
"1023",2251
"1024",1233
"1025",1740
"1026",1825
"1027",1441
"1028",495
"1029",486
"1030",651
"1031",989
"1032",924
"1033",889
"1034",942
"1035",879
"1036",678
"1037",1089
"1038",1223
"1039",943
"1040",938
"1041",1562
"1042",1227
"1043",1480
"1044",1421
"1045",828
"1046",635
"1047",994
"1048",1189
"1049",577
"1050",1149
"1051",836
"1052",1018
"1053",996
"1054",925
"1055",970
"1056",830
"1057",1109
"1058",911
"1059",584
"1060",1591
"1061",1447
"1062",1113
"1063",1241
"1064",1074
"1065",1616
"1066",731
"1067",1057
"1068",2317
"1069",1863
"1070",1101
"1071",1311
"1072",1966
"1073",1417
"1074",1122
"1075",1034
"1076",1255
"1077",1162
"1078",1321
"1079",1376
"1080",90
"1081",143
"1082",123
"1083",135
"1084",134
"1085",123
"1086",912
"1087",784
"1088",661
"1089",80
"1090",163
"1091",567
"1092",360
"1093",339
"1094",1152
"1095",598
"1096",135
"1097",485
"1098",571
"1099",371
"1100",528
"1101",472
"1102",553
"1103",685
"1104",385
"1105",270
"1106",655
"1107",651
"1108",480
"1109",383
"1110",317
"1111",443
"1112",784
"1113",521
"1114",539
"1115",1866
"1116",585
"1117",3206
"1118",472
"1119",568
"1120",3288
"1121",606
"1122",945
"1123",1354
"1124",597
"1125",864
"1126",1193
"1127",1937
"1128",454
"1129",569
"1130",564
"1131",435
"1132",1161
"1133",898
"1134",973
"1135",2196
"1136",1591
"1137",1357
"1138",1192
"1139",957
"1140",1481
"1141",1184
"1142",1079
"1143",1163
"1144",1367
"1145",1132
"1146",820
"1147",764
"1148",1374
"1149",1192
"1150",1087
"1151",1113
"1152",2007
"1153",1262
"1154",1418
"1155",1385
"1156",1011
"1157",587
"1158",611
"1159",914
"1160",928
"1161",1327
"1162",1205
"1163",819
"1164",895
"1165",261
"1166",650
"1167",1222
"1168",1020
"1169",544
"1170",1210
"1171",967
"1172",1241
"1173",908
"1174",762
"1175",1110
"1176",780
"1177",851
"1178",1050
"1179",937
"1180",293
"1181",1024
"1182",939
"1183",14
"1184",190
"1185",2286
"1186",162
"1187",107
"1188",1244
"1189",378
"1190",697
"1191",641
"1192",502
"1193",1142
"1194",1071
"1195",754
"1196",878
"1197",1150
"1198",1230
"1199",1027
"1200",1082
"1201",845
"1202",1455
"1203",1351
"1204",1067
"1205",1314
"1206",1083
"1207",1097
"1208",1046
"1209",1053
"1210",1005
"1211",688
"1212",383
"1213",209
"1214",643
"1215",233
"1216",731
"1217",130
"1218",1278
"1219",1206
"1220",781
"1221",1280
"1222",785
"1223",977
"1224",968
"1225",1238
"1226",451
"1227",682
"1228",724
"1229",865
"1230",715
"1231",764
"1232",841
"1233",1276
"1234",670
"1235",542
"1236",841
"1237",737
"1238",146
"1239",593
"1240",3332
"1241",869
"1242",493
"1243",221
"1244",715
"1245",1093
"1246",1019
"1247",1099
"1248",2923
"1249",33475
"1250",369
"1251",2685
"1252",943
"1253",1408
"1254",1277
"1255",1154
"1256",1344
"1257",1536
"1258",841
"1259",1235
"1260",1154
"1261",1607
"1262",1322
"1263",1463
"1264",773
"1265",895
"1266",805
"1267",1980
"1268",1526
"1269",1433
"1270",922
"1271",510
"1272",1390
"1273",917
"1274",74
"1275",191
"1276",598
"1277",916
"1278",913
"1279",983
"1280",945
"1281",811
"1282",1433
"1283",967
"1284",960
"1285",891
"1286",690
"1287",481
"1288",1917
"1289",108
"1290",1494
"1291",1237
"1292",978
"1293",73
"1294",754
"1295",272
"1296",1218
"1297",1588
"1298",295
"1299",1127
"1300",36
"1301",49
"1302",713
"1303",1787
"1304",365
"1305",241
"1306",384
"1307",434
"1308",1018
"1309",1140
"1310",837
"1311",181
"1312",932
"1313",210
"1314",1144
"1315",636
"1316",124
"1317",968
"1318",529
"1319",4536
"1320",617
"1321",1640
"1322",1720
"1323",483
"1324",650
"1325",747
"1326",1030
"1327",565
"1328",1055
"1329",1001
"1330",917
"1331",920
"1332",752
"1333",201
"1334",619
"1335",792
"1336",148
"1337",573
"1338",140
"1339",76
"1340",479
"1341",1178
"1342",570
"1343",892
"1344",217
"1345",1133
"1346",208
"1347",118
"1348",343
"1349",117
"1350",546
"1351",1232
"1352",115
"1353",987
"1354",394
"1355",803
"1356",251
"1357",1383
"1358",1109
"1359",2167
"1360",592
"1361",543
"1362",816
"1363",1218
"1364",1054
"1365",886
"1366",997
"1367",829
"1368",409
"1369",264
"1370",1537
"1371",1425
"1372",1165
"1373",1114
"1374",724
"1375",735
"1376",694
"1377",712
"1378",1912
"1379",675
"1380",605
"1381",813
"1382",937
"1383",978
"1384",418
"1385",1494
"1386",1266
"1387",1240
"1388",342
"1389",1146
"1390",1353
"1391",1089
"1392",94
"1393",1086
"1394",38
"1395",1154
"1396",1053
"1397",1271
"1398",833
"1399",1315
"1400",158
"1401",1347
"1402",514
"1403",914
"1404",1563
"1405",264
"1406",1196
"1407",789
"1408",768
"1409",578
"1410",807
"1411",892
"1412",1326
"1413",1034
"1414",862
"1415",723
"1416",1100
"1417",994
"1418",920
"1419",979
"1420",1235
"1421",920
"1422",777
"1423",689
"1424",323
"1425",897
"1426",1057
"1427",1217
"1428",778
"1429",701
"1430",509
"1431",532
"1432",209
"1433",1436
"1434",1580
"1435",1314
"1436",263
"1437",682
"1438",282
"1439",2822
"1440",824
"1441",1295
"1442",1299
"1443",894
"1444",805
"1445",1512
"1446",243
"1447",1099
"1448",384
"1449",415
"1450",834
"1451",566
"1452",721
"1453",781
"1454",960
"1455",587
"1456",1317
"1457",737
"1458",333
"1459",927
"1460",494
"1461",771
"1462",684
"1463",816
"1464",729
"1465",966
"1466",725
"1467",324
"1468",867
"1469",1010
"1470",1570
"1471",1377
"1472",1440
"1473",929
"1474",764
"1475",1159
"1476",1510
"1477",1520
"1478",1410
"1479",916
"1480",1244
"1481",752
"1482",1067
"1483",638
"1484",695
"1485",1106
"1486",438
"1487",447
"1488",861
"1489",828
"1490",317
"1491",482
"1492",513
"1493",901
"1494",451
"1495",529
"1496",986
"1497",869
"1498",805
"1499",479
"1500",1172
"1501",825
"1502",589
"1503",441
"1504",917
"1505",1027
"1506",485
"1507",1199
"1508",884
"1509",1524
"1510",865
"1511",1761
"1512",1768
"1513",1102
"1514",710
"1515",1394
"1516",1293
"1517",1274
"1518",695
"1519",1106
"1520",1055
"1521",904
"1522",873
"1523",281
"1524",1136
"1525",1273
"1526",1535
"1527",810
"1528",1376
"1529",72
"1530",722
"1531",585
"1532",1109
"1533",1473
"1534",962
"1535",517
"1536",652
"1537",855
"1538",884
"1539",381
"1540",657
"1541",215
"1542",2514
"1543",1937
"1544",1096
"1545",3378
"1546",3193
"1547",3457
"1548",3333
"1549",4037
"1550",3441
"1551",2766
"1552",3510
"1553",3469
"1554",3080
"1555",3011
"1556",3268
"1557",3524
"1558",3458
"1559",3013
"1560",3342
"1561",3311
"1562",2718
"1563",2750
"1564",3061
"1565",2954
"1566",2939
"1567",2835
"1568",2945
"1569",2685
"1570",2690
"1571",676
"1572",954
"1573",875
"1574",52
"1575",1147
"1576",1074
"1577",298
"1578",569
"1579",781
"1580",1186
"1581",970
"1582",1017
"1583",1233
"1584",1269
"1585",1215
"1586",1332
"1587",1392
"1588",1616
"1589",1315
"1590",779
"1591",996
"1592",930
"1593",745
"1594",1527
"1595",105
"1596",215
"1597",398
"1598",317
"1599",175
"1600",1056
"1601",1039
"1602",1864
"1603",928
"1604",799
"1605",753
"1606",1540
"1607",763
"1608",109
"1609",581
"1610",620
"1611",109
"1612",795
"1613",819
"1614",100
"1615",74
"1616",530
"1617",1168
"1618",1125
"1619",1358
"1620",1045
"1621",995
"1622",1397
"1623",1059
"1624",977
"1625",561
"1626",64
"1627",464
"1628",92
"1629",693
"1630",1472
"1631",350
"1632",5
"1633",236
"1634",1115
"1635",906
"1636",812
"1637",171
"1638",1819
"1639",1317
"1640",843
"1641",143
"1642",737
"1643",401
"1644",1334
"1645",1134
"1646",144
"1647",575
"1648",99
"1649",277
"1650",51
"1651",528
"1652",817
"1653",962
"1654",255
"1655",1262
"1656",155
"1657",898
"1658",891
"1659",803
"1660",731
"1661",360
"1662",1021
"1663",1434
"1664",336
"1665",801
"1666",1004
"1667",1174
"1668",977
"1669",849
"1670",1096
"1671",1248
"1672",90
"1673",7
"1674",99
"1675",642
"1676",125
"1677",1668
"1678",756
"1679",754
"1680",1485
"1681",163
"1682",1022
"1683",994
"1684",1128
"1685",721
"1686",1018
"1687",785
"1688",847
"1689",600
"1690",519
"1691",646
"1692",79
"1693",768
"1694",267
"1695",790
"1696",123
"1697",855
"1698",1193
"1699",484
"1700",748
"1701",981
"1702",954
"1703",820
"1704",947
"1705",664
"1706",886
"1707",524
"1708",1213
"1709",1102
"1710",199
"1711",1011
"1712",418
"1713",301
"1714",505
"1715",171
"1716",93
"1717",89
"1718",594
"1719",95
"1720",387
"1721",1437
"1722",156
"1723",1270
"1724",1217
"1725",999
"1726",94
"1727",671
"1728",460
"1729",730
"1730",96
"1731",1101
"1732",792
"1733",98
"1734",261
"1735",488
"1736",1126
"1737",634
"1738",110
"1739",846
"1740",84
"1741",802
"1742",511
"1743",1340
"1744",936
"1745",769
"1746",566
"1747",235
"1748",655
"1749",636
"1750",198
"1751",1221
"1752",622
"1753",1004
"1754",925
"1755",1089
"1756",1051
"1757",1160
"1758",650
"1759",945
"1760",1637
"1761",896
"1762",885
"1763",1186
"1764",126
"1765",139
"1766",696
"1767",1047
"1768",838
"1769",67
"1770",1041
"1771",998
"1772",91
"1773",904
"1774",5757
"1775",125
"1776",77
"1777",626
"1778",57
"1779",45
"1780",699
"1781",10
"1782",1075
"1783",402
"1784",1064
"1785",336
"1786",1180
"1787",912
"1788",1072
"1789",1070
"1790",559
"1791",1186
"1792",712
"1793",726
"1794",580
"1795",104
"1796",1220
"1797",1680
"1798",7
"1799",971
"1800",89
"1801",545
"1802",92
"1803",919
"1804",932
"1805",988
"1806",1110
"1807",58
"1808",525
"1809",685
"1810",424
"1811",363
"1812",325
"1813",934
"1814",816
"1815",787
"1816",939
"1817",726
"1818",104
"1819",185
"1820",106
"1821",208
"1822",917
"1823",8
"1824",92
"1825",304
"1826",193
"1827",359
"1828",1013
"1829",611
"1830",171
"1831",1206
"1832",544
"1833",1251
"1834",1004
"1835",362
"1836",300
"1837",899
"1838",897
"1839",200
"1840",140
"1841",933
"1842",963
"1843",1133
"1844",47
"1845",868
"1846",1434
"1847",445
"1848",682
"1849",353
"1850",1012
"1851",1478
"1852",1333
"1853",1291
"1854",1257
"1855",221
"1856",1531
"1857",1064
"1858",193
"1859",176
"1860",1671
"1861",1292
"1862",1394
"1863",761
"1864",1529
"1865",1155
"1866",1425
"1867",597
"1868",1167
"1869",464
"1870",951
"1871",1719
"1872",1685
"1873",1473
"1874",1306
"1875",2012
"1876",1252
"1877",1391
"1878",1157
"1879",1142
"1880",1767
"1881",1485
"1882",1181
"1883",1474
"1884",1253
"1885",1215
"1886",767
"1887",510
"1888",361
"1889",887
"1890",106
"1891",1364
"1892",1350
"1893",978
"1894",933
"1895",131
"1896",737
"1897",1042
"1898",705
"1899",666
"1900",535
"1901",131
"1902",1096
"1903",521
"1904",614
"1905",1106
"1906",987
"1907",333
"1908",1216
"1909",1141
"1910",138
"1911",782
"1912",547
"1913",662
"1914",924
"1915",182
"1916",288
"1917",651
"1918",564
"1919",309
"1920",544
"1921",7
"1922",44
"1923",129
"1924",753
"1925",136
"1926",109
"1927",592
"1928",396
"1929",93
"1930",315
"1931",813
"1932",1050
"1933",1237
"1934",837
"1935",782
"1936",952
"1937",1114
"1938",897
"1939",644
"1940",1082
"1941",883
"1942",3344
"1943",5375
"1944",1058
"1945",807
"1946",1351
"1947",1242
"1948",1198
"1949",1334
"1950",1048
"1951",711
"1952",1139
"1953",992
"1954",1224
"1955",1299
"1956",1111
"1957",950
"1958",916
"1959",1042
"1960",615
"1961",1116
"1962",1266
"1963",893
"1964",859
"1965",999
"1966",750
"1967",939
"1968",710
"1969",185
"1970",618
"1971",1052
"1972",1229
"1973",1268
"1974",1164
"1975",1253
"1976",1662
"1977",887
"1978",1557
"1979",997
"1980",712
"1981",907
"1982",1344
"1983",1128
"1984",983
"1985",1208
"1986",1382
"1987",983
"1988",1079
"1989",233
"1990",1021
"1991",1579
"1992",1243
"1993",1004
"1994",872
"1995",781
"1996",917
"1997",859
"1998",788
"1999",973
"2000",682
"2001",750
"2002",1006
"2003",699
"2004",488
"2005",356
"2006",57
"2007",794
"2008",947
"2009",135
"2010",643
"2011",1348
"2012",1571
"2013",993
"2014",986
"2015",1240
"2016",1127
"2017",1416
"2018",1253
"2019",1167
"2020",734
"2021",785
"2022",927
"2023",1129
"2024",943
"2025",386
"2026",377
"2027",382
"2028",352
"2029",1358
"2030",998
"2031",1523
"2032",923
"2033",1268
"2034",649
"2035",1616
"2036",1397
"2037",998
"2038",1320
"2039",1232
"2040",1647
"2041",1158
"2042",1251
"2043",1137
"2044",1267
"2045",83
"2046",1296
"2047",1761
"2048",1487
"2049",903
"2050",1727
"2051",764
"2052",1441
"2053",945
"2054",1201
"2055",1083
"2056",132
"2057",262
"2058",531
"2059",221
"2060",1250
"2061",1693
"2062",1348
"2063",962
"2064",1878
"2065",1551
"2066",931
"2067",1843
"2068",1211
"2069",814
"2070",7
"2071",1232
"2072",1346
"2073",1211
"2074",702
"2075",253
"2076",786
"2077",1087
"2078",1260
"2079",724
"2080",1376
"2081",542
"2082",1344
"2083",1000
"2084",923
"2085",588
"2086",775
"2087",56
"2088",808
"2089",1403
"2090",916
"2091",1442
"2092",955
"2093",1315
"2094",1243
"2095",1304
"2096",1716
"2097",903
"2098",841
"2099",1082
"2100",583
"2101",762
"2102",118
"2103",889
"2104",681
"2105",1140
"2106",321
"2107",1552
"2108",1010
"2109",912
"2110",648
"2111",968
"2112",1202
"2113",814
"2114",1232
"2115",1274
"2116",557
"2117",1165
"2118",1038
"2119",1293
"2120",1245
"2121",885
"2122",1479
"2123",1084
"2124",1424
"2125",1003
"2126",1419
"2127",1013
"2128",833
"2129",1356
"2130",746
"2131",92
"2132",1111
"2133",95
"2134",124
"2135",592
"2136",757
"2137",522
"2138",3700
"2139",1105
"2140",1333
"2141",633
"2142",1067
"2143",479
"2144",598
"2145",1064
"2146",414
"2147",743
"2148",547
"2149",1125
"2150",1066
"2151",1170
"2152",797
"2153",587
"2154",1033
"2155",902
"2156",640
"2157",1654
"2158",841
"2159",940
"2160",109
"2161",339
"2162",123
"2163",1245
"2164",498
"2165",102
"2166",785
"2167",162
"2168",743
"2169",874
"2170",1238
"2171",1371
"2172",1342
"2173",1238
"2174",1320
"2175",1071
"2176",1160
"2177",923
"2178",948
"2179",964
"2180",1113
"2181",1324
"2182",925
"2183",925
"2184",1216
"2185",454
"2186",1507
"2187",1212
"2188",1415
"2189",1302
"2190",1165
"2191",194
"2192",91
"2193",671
"2194",576
"2195",845
"2196",1260
"2197",833
"2198",1683
"2199",888
"2200",856
"2201",919
"2202",1116
"2203",1149
"2204",902
"2205",1079
"2206",2330
"2207",1492
"2208",1259
"2209",1732
"2210",990
"2211",1522
"2212",1457
"2213",1468
"2214",1253
"2215",1073
"2216",1190
"2217",1738
"2218",832
"2219",791
"2220",1007
"2221",1083
"2222",1583
"2223",1607
"2224",928
"2225",1006
"2226",1205
"2227",1327
"2228",1110
"2229",1221
"2230",983
"2231",788
"2232",1105
"2233",1301
"2234",805
"2235",1094
"2236",1155
"2237",1191
"2238",1104
"2239",681
"2240",718
"2241",97
"2242",607
"2243",1517
"2244",1051
"2245",854
"2246",529
"2247",1053
"2248",1577
"2249",949
"2250",1092
"2251",197
"2252",1111
"2253",943
"2254",450
"2255",917
"2256",610
"2257",640
"2258",543
"2259",485
"2260",1078
"2261",1207
"2262",1201
"2263",1002
"2264",405
"2265",848
"2266",978
"2267",666
"2268",965
"2269",720
"2270",888
"2271",946
"2272",745
"2273",868
"2274",867
"2275",985
"2276",977
"2277",1008
"2278",689
"2279",282
"2280",840
"2281",833
"2282",597
"2283",633
"2284",932
"2285",990
"2286",913
"2287",1626
"2288",1174
"2289",940
"2290",943
"2291",239
"2292",611
"2293",737
"2294",857
"2295",514
"2296",689
"2297",1361
"2298",758
"2299",1474
"2300",538
"2301",584
"2302",1223
"2303",974
"2304",863
"2305",1104
"2306",898
"2307",1424
"2308",1176
"2309",808
"2310",1315
"2311",1061
"2312",898
"2313",947
"2314",932
"2315",934
"2316",1181
"2317",1263
"2318",1037
"2319",446
"2320",544
"2321",343
"2322",1229
"2323",1270
"2324",171
"2325",809
"2326",695
"2327",538
"2328",1220
"2329",405
"2330",937
"2331",1218
"2332",996
"2333",276
"2334",1088
"2335",580
"2336",520
"2337",1326
"2338",208
"2339",1109
"2340",1105
"2341",1123
"2342",1396
"2343",1284
"2344",860
"2345",767
"2346",851
"2347",970
"2348",431
"2349",269
"2350",95
"2351",568
"2352",718
"2353",649
"2354",543
"2355",520
"2356",320
"2357",596
"2358",751
"2359",563
"2360",678
"2361",280
"2362",942
"2363",117
"2364",810
"2365",988
"2366",1465
"2367",468
"2368",105
"2369",1656
"2370",532
"2371",792
"2372",488
"2373",485
"2374",1370
"2375",829
"2376",1402
"2377",1063
"2378",1276
"2379",410
"2380",1191
"2381",1896
"2382",1116
"2383",816
"2384",1088
"2385",968
"2386",877
"2387",106
"2388",830
"2389",1267
"2390",530
"2391",1421
"2392",438
"2393",830
"2394",1473
"2395",711
"2396",320
"2397",815
"2398",1264
"2399",716
"2400",1183
"2401",1340
"2402",773
"2403",1237
"2404",555
"2405",1011
"2406",1143
"2407",1208
"2408",1422
"2409",1776
"2410",1136
"2411",1137
"2412",148
"2413",1085
"2414",1367
"2415",1171
"2416",797
"2417",844
"2418",979
"2419",1580
"2420",1186
"2421",1408
"2422",1530
"2423",1478
"2424",1237
"2425",775
"2426",963
"2427",934
"2428",1348
"2429",560
"2430",821
"2431",725
"2432",901
"2433",926
"2434",428
"2435",657
"2436",360
"2437",726
"2438",1043
"2439",202
"2440",580
"2441",843
"2442",468
"2443",598
"2444",871
"2445",1497
"2446",1565
"2447",619
"2448",1059
"2449",1108
"2450",1379
"2451",786
"2452",1383
"2453",1308
"2454",1268
"2455",770
"2456",1323
"2457",748
"2458",372
"2459",1252
"2460",1121
"2461",876
"2462",895
"2463",796
"2464",828
"2465",757
"2466",1363
"2467",89
"2468",1223
"2469",985
"2470",1682
"2471",1249
"2472",893
"2473",865
"2474",990
"2475",1165
"2476",1627
"2477",1003
"2478",947
"2479",1065
"2480",1166
"2481",152
"2482",1005
"2483",1074
"2484",805
"2485",1012
"2486",674
"2487",771
"2488",662
"2489",1023
"2490",1477
"2491",96
"2492",1128
"2493",1073
"2494",147
"2495",1220
"2496",1158
"2497",1088
"2498",909
"2499",976
"2500",900
"2501",1598
"2502",720
"2503",745
"2504",815
"2505",796
"2506",923
"2507",478
"2508",941
"2509",795
"2510",961
"2511",514
"2512",883
"2513",636
"2514",978
"2515",892
"2516",678
"2517",364
"2518",1043
"2519",735
"2520",979
"2521",966
"2522",936
"2523",723
"2524",709
"2525",120
"2526",854
"2527",998
"2528",786
"2529",1167
"2530",815
"2531",549
"2532",1136
"2533",1129
"2534",778
"2535",951
"2536",800
"2537",688
"2538",697
"2539",630
"2540",730
"2541",969
"2542",969
"2543",795
"2544",1167
"2545",560
"2546",659
"2547",827
"2548",776
"2549",550
"2550",754
"2551",861
"2552",1367
"2553",812
"2554",536
"2555",1299
"2556",1274
"2557",1307
"2558",773
"2559",441
"2560",1037
"2561",833
"2562",808
"2563",863
"2564",636
"2565",1201
"2566",1015
"2567",1223
"2568",1135
"2569",1056
"2570",1153
"2571",862
"2572",844
"2573",687
"2574",880
"2575",868
"2576",933
"2577",858
"2578",1484
"2579",785
"2580",1030
"2581",1075
"2582",915
"2583",395
"2584",1367
"2585",932
"2586",1041
"2587",1093
"2588",942
"2589",888
"2590",1348
"2591",894
"2592",1220
"2593",1964
"2594",1518
"2595",1148
"2596",977
"2597",1214
"2598",1191
"2599",1094
"2600",1268
"2601",992
"2602",956
"2603",1272
"2604",1315
"2605",1044
"2606",1416
"2607",1409
"2608",502
"2609",1597
"2610",117
"2611",1345
"2612",728
"2613",946
"2614",1219
"2615",1349
"2616",138
"2617",1632
"2618",1258
"2619",562
"2620",948
"2621",1586
"2622",1162
"2623",952
"2624",1485
"2625",1366
"2626",1329
"2627",809
"2628",1516
"2629",1541
"2630",1447
"2631",714
"2632",1053
"2633",1116
"2634",1308
"2635",1303
"2636",1225
"2637",1588
"2638",1042
"2639",1341
"2640",662
"2641",1511
"2642",1064
"2643",669
"2644",1630
"2645",1351
"2646",595
"2647",1284
"2648",172
"2649",914
"2650",975
"2651",1238
"2652",564
"2653",519
"2654",997
"2655",1292
"2656",552
"2657",629
"2658",806
"2659",743
"2660",1041
"2661",1009
"2662",666
"2663",542
"2664",1013
"2665",1170
"2666",1308
"2667",812
"2668",883
"2669",1178
"2670",1084
"2671",1116
"2672",1090
"2673",1467
"2674",1131
"2675",973
"2676",739
"2677",678
"2678",985
"2679",806
"2680",621
"2681",712
"2682",1035
"2683",1092
"2684",1041
"2685",1348
"2686",969
"2687",958
"2688",1006
"2689",870
"2690",186
"2691",51
"2692",764
"2693",307
"2694",135
"2695",1085
"2696",74
"2697",5119
"2698",749
"2699",1249
"2700",1088
"2701",288
"2702",1115
"2703",929
"2704",2535
"2705",45
"2706",605
"2707",723
"2708",1083
"2709",1745
"2710",509
"2711",522
"2712",68
"2713",602
"2714",762
"2715",258
"2716",487
"2717",1523
"2718",386
"2719",282
"2720",1093
"2721",104
"2722",378
"2723",880
"2724",1103
"2725",982
"2726",929
"2727",1611
"2728",767
"2729",1016
"2730",1551
"2731",98
"2732",1265
"2733",872
"2734",781
"2735",919
"2736",323
"2737",871
"2738",360
"2739",1085
"2740",1423
"2741",744
"2742",1105
"2743",1111
"2744",615
"2745",937
"2746",1114
"2747",676
"2748",1061
"2749",792
"2750",843
"2751",975
"2752",753
"2753",1384
"2754",806
"2755",1433
"2756",1043
"2757",523
"2758",1136
"2759",1466
"2760",563
"2761",1442
"2762",1208
"2763",1381
"2764",1296
"2765",1011
"2766",1220
"2767",1001
"2768",559
"2769",790
"2770",118
"2771",71
"2772",1309
"2773",622
"2774",707
"2775",1143
"2776",528
"2777",989
"2778",1060
"2779",502
"2780",1232
"2781",908
"2782",931
"2783",1324
"2784",983
"2785",635
"2786",845
"2787",958
"2788",566
"2789",953
"2790",226
"2791",489
"2792",356
"2793",859
"2794",423
"2795",2038
"2796",645
"2797",629
"2798",1557
"2799",403
"2800",415
"2801",324
"2802",1027
"2803",650
"2804",1107
"2805",1079
"2806",944
"2807",326
"2808",26457
"2809",843
"2810",5804
"2811",143
"2812",1126
"2813",1034
"2814",693
"2815",947
"2816",1021
"2817",627
"2818",1604
"2819",1905
"2820",1589
"2821",1301
"2822",968
"2823",1455
"2824",1142
"2825",588
"2826",1179
"2827",738
"2828",1142
"2829",1123
"2830",1134
"2831",770
"2832",418
"2833",805
"2834",886
"2835",1782
"2836",864
"2837",1396
"2838",885
"2839",1415
"2840",1307
"2841",245
"2842",941
"2843",1063
"2844",790
"2845",376
"2846",1033
"2847",422
"2848",792
"2849",222
"2850",962
"2851",819
"2852",986
"2853",567
"2854",837
"2855",902
"2856",722
"2857",995
"2858",1005
"2859",937
"2860",807
"2861",479
"2862",1079
"2863",84
"2864",1392
"2865",1999
"2866",405
"2867",760
"2868",937
"2869",1041
"2870",1345
"2871",720
"2872",940
"2873",1375
"2874",1115
"2875",1295
"2876",1134
"2877",987
"2878",1292
"2879",1361
"2880",880
"2881",1387
"2882",1199
"2883",1301
"2884",117
"2885",142
"2886",962
"2887",1050
"2888",1038
"2889",624
"2890",1121
"2891",594
"2892",968
"2893",1308
"2894",1241
"2895",1537
"2896",178
"2897",1304
"2898",109
"2899",1196
"2900",1627
"2901",1131
"2902",643
"2903",1297
"2904",1155
"2905",238
"2906",1218
"2907",1015
"2908",788
"2909",1272
"2910",859
"2911",205
"2912",594
"2913",870
"2914",841
"2915",701
"2916",497
"2917",1474
"2918",36
"2919",408
"2920",134
"2921",1005
"2922",1061
"2923",853
"2924",985
"2925",1038
"2926",1286
"2927",995
"2928",1128
"2929",1061
"2930",150
"2931",965
"2932",796
"2933",946
"2934",616
"2935",313
"2936",1163
"2937",2069
"2938",1817
"2939",2035
"2940",1760
"2941",1450
"2942",391
"2943",1270
"2944",1078
"2945",1511
"2946",1040
"2947",1109
"2948",846
"2949",1715
"2950",1150
"2951",1153
"2952",753
"2953",1315
"2954",547
"2955",1037
"2956",748
"2957",939
"2958",751
"2959",941
"2960",763
"2961",869
"2962",777
"2963",2327
"2964",1289
"2965",1590
"2966",1002
"2967",2202
"2968",2195
"2969",2230
"2970",1335
"2971",275
"2972",912
"2973",1648
"2974",1234
"2975",1106
"2976",972
"2977",864
"2978",994
"2979",757
"2980",1150
"2981",1076
"2982",1356
"2983",1154
"2984",1192
"2985",727
"2986",1166
"2987",7
"2988",1285
"2989",225
"2990",1527
"2991",761
"2992",536
"2993",322
"2994",432
"2995",1061
"2996",126
"2997",1139
"2998",1075
"2999",1417
"3000",826
"3001",2137
"3002",1677
"3003",667
"3004",1890
"3005",1216
"3006",726
"3007",860
"3008",587
"3009",147
"3010",324
"3011",1722
"3012",1892
"3013",1002
"3014",1378
"3015",1377
"3016",1160
"3017",1014
"3018",1699
"3019",657
"3020",71
"3021",3865
"3022",1100
"3023",1262
"3024",1410
"3025",502
"3026",1663
"3027",587
"3028",859
"3029",1437
"3030",471
"3031",1962
"3032",108
"3033",1181
"3034",969
"3035",323
"3036",413
"3037",5
"3038",90
"3039",98
"3040",880
"3041",1577
"3042",833
"3043",1367
"3044",1212
"3045",75
"3046",758
"3047",918
"3048",907
"3049",1332
"3050",427
"3051",895
"3052",1503
"3053",64
"3054",391
"3055",2211
"3056",443
"3057",997
"3058",2452
"3059",423
"3060",868
"3061",743
"3062",1008
"3063",1179
"3064",964
"3065",1367
"3066",119
"3067",1145
"3068",967
"3069",1032
"3070",1149
"3071",1173
"3072",87
"3073",440
"3074",1196
"3075",581
"3076",1677
"3077",2033
"3078",2334
"3079",1594
"3080",332
"3081",1605
"3082",1550
"3083",1393
"3084",1112
"3085",1514
"3086",572
"3087",617
"3088",296
"3089",1013
"3090",1252
"3091",760
"3092",1421
"3093",728
"3094",1485
"3095",611
"3096",973
"3097",1498
"3098",1049
"3099",463
"3100",580
"3101",862
"3102",737
"3103",528
"3104",838
"3105",1379
"3106",707
"3107",651
"3108",340
"3109",632
"3110",804
"3111",510
"3112",1965
"3113",1322
"3114",1473
"3115",847
"3116",499
"3117",1735
"3118",1527
"3119",1354
"3120",992
"3121",1267
"3122",1214
"3123",1456
"3124",1802
"3125",1386
"3126",2080
"3127",349
"3128",857
"3129",1108
"3130",919
"3131",806
"3132",655
"3133",883
"3134",515
"3135",746
"3136",831
"3137",960
"3138",801
"3139",1071
"3140",909
"3141",856
"3142",1091
"3143",1366
"3144",770
"3145",909
"3146",999
"3147",550
"3148",736
"3149",743
"3150",723
"3151",725
"3152",978
"3153",481
"3154",901
"3155",486
"3156",904
"3157",1999
"3158",1385
"3159",1050
"3160",531
"3161",1532
"3162",1223
"3163",2268
"3164",675
"3165",133
"3166",173
"3167",906
"3168",1209
"3169",537
"3170",101
"3171",1290
"3172",995
"3173",1197
"3174",1520
"3175",831
"3176",1624
"3177",1279
"3178",832
"3179",1253
"3180",1342
"3181",1250
"3182",286
"3183",71
"3184",232
"3185",1111
"3186",15
"3187",906
"3188",7577
"3189",718
"3190",142
"3191",1368
"3192",461
"3193",180
"3194",603
"3195",476
"3196",898
"3197",842
"3198",121778
"3199",183
"3200",337
"3201",1358
"3202",942
"3203",3161
"3204",11986
"3205",1037
"3206",767
"3207",1349
"3208",1349
"3209",1439
"3210",1550
"3211",1670
"3212",1210
"3213",166
"3214",1240
"3215",1363
"3216",1206
"3217",857
"3218",1082
"3219",1032
"3220",2392
"3221",1084
"3222",251
"3223",1107
"3224",202
"3225",1255
"3226",275
"3227",845
"3228",338
"3229",172
"3230",584
"3231",705
"3232",412
"3233",172
"3234",1119
"3235",790
"3236",619
"3237",1159
"3238",402
"3239",527
"3240",84
"3241",170
"3242",119
"3243",484
"3244",1165
"3245",1397
"3246",688
"3247",69
"3248",823
"3249",101
"3250",720
"3251",102
"3252",997
"3253",563
"3254",854
"3255",787
"3256",1916
"3257",1370
"3258",1754
"3259",99
"3260",588
"3261",625
"3262",65
"3263",797
"3264",979
"3265",835
"3266",82
"3267",686
"3268",981
"3269",1118
"3270",122
"3271",1522
"3272",1128
"3273",397
"3274",938
"3275",1292
"3276",653
"3277",1341
"3278",1645
"3279",1136
"3280",1348
"3281",905
"3282",498
"3283",82
"3284",497
"3285",85
"3286",1620
"3287",182
"3288",111
"3289",1853
"3290",128
"3291",714
"3292",353
"3293",1437
"3294",85
"3295",399
"3296",1095
"3297",586
"3298",1034
"3299",1039
"3300",1442
"3301",1172
"3302",1324
"3303",528
"3304",1342
"3305",1572
"3306",1168
"3307",1271
"3308",1629
"3309",163
"3310",1019
"3311",625
"3312",111
"3313",889
"3314",833
"3315",226
"3316",58
"3317",1208
"3318",544
"3319",217
"3320",1987
"3321",1348
"3322",124
"3323",1723
"3324",1326
"3325",1304
"3326",1913
"3327",1238
"3328",1571
"3329",1539
"3330",1046
"3331",989
"3332",1240
"3333",1117
"3334",620
"3335",1554
"3336",761
"3337",27942
"3338",416
"3339",103
"3340",978
"3341",438
"3342",1217
"3343",1182
"3344",843
"3345",876
"3346",1306
"3347",906
"3348",993
"3349",1257
"3350",1102
"3351",1555
"3352",1375
"3353",1668
"3354",1331
"3355",1218
"3356",537
