ids,caso
NA,nessun caso
6899449973,2.1
6892086102,2.1
6891966329,2.1
6891966297,2.1
6891966068,2.1
6891965850,2.1
6891965793,2.1
6891965787,3
6891965652,3
6891965631,3
6891965588,3
6891965495,2.1
6891965480,nessun caso
6891965137,2
6891965110,2
6891965100,2.1
6891965081,2
6891639485,3
6891144174,2.1
6891132029,3
6891129428,2.1
6891124030,2.1
6891086078,3
6890795366,2
6890559410,2.1
6890387970,2.1
6890384077,1
6890384010,3
6890383840,1.1
6890382285,2.1
6890381919,3
6890381620,1.1
6890381466,2.1
6890381255,3
6890381155,2
6890216791,1.1
6890172706,2
6889911783,3
6889877717,nessun caso
6889857326,3
6889844831,nessun caso
6889751744,3
6889643335,3
6889636092,nessun caso
6889579722,2
6889555857,3
6889554960,2.1
6889536623,2
6889531289,2
6889530142,2.1
6889529143,2
6889525427,3
6889521318,nessun caso
6889484576,1
6889479747,3
6889475839,nessun caso
6889475362,3
6889449954,2
6889350806,2.1
6889348061,nessun caso
6889346869,2.1
6889346589,3
6889346269,nessun caso
6889346206,3
6889346053,2.1
6889089870,2
6889028754,3
6888982937,3
6888962306,3
6888952386,1
6888938822,nessun caso
6888937886,2
6888935075,3
6888933075,1.1
6888925804,3
6888921312,nessun caso
6888908037,3
6888904198,3
6888880243,2.1
688888e4,2
6888879158,3
6888879006,3
6888878852,nessun caso
6888878803,3
6888878717,1.1
6888878547,2.1
6888878399,3
6888878357,2
6888878154,1.1
6888877871,2.1
6888877825,2.1
6888877715,3
6888877513,3
6888876830,1
6888811558,3
6888811448,nessun caso
6888810004,2
6888809614,3
6888809439,2.1
6888809382,2
6888809194,3
6888809186,3
6888809107,3
6888809098,2.1
6888809071,3
6888809027,2
6888808993,1
6888808986,2.1
6888808931,3
6888808870,3
6888808843,3
6888808723,2.1
6888804075,1
6888803785,3
6888802711,1.1
6888802375,2.1
6888802238,3
6888801969,2
6888801683,1
6888801615,3
6888801484,3
6888801298,2.1
6888801197,3
6888800857,3
6888799790,2.1
6888799621,nessun caso
6888799534,3
6888799084,3
6888799001,3
6888798858,2.1
6888798780,nessun caso
6888798599,2.1
6888798517,nessun caso
6888798418,2.1
6888798206,1
6888798051,3
6888796997,2.1
6888796779,1
6888796776,3
6888796713,3
6888780863,3
6888778110,2.1
6888777902,nessun caso
6888777849,nessun caso
6888777520,3
6888777352,2
6888755305,2
6888753224,3
6888752646,3
6888752614,nessun caso
6888751960,nessun caso
6888751944,3
6888751142,3
6888750872,2.1
6888750802,nessun caso
6888749348,3
6888393934,1
6888207461,nessun caso
6888181188,3
6888180220,nessun caso
6888173214,3
6888070489,2.1
6888058251,1
6888053447,3
6888052578,2
6888052152,3
6888051688,3
6888051676,3
6888051492,3
6888031484,3
6888031012,nessun caso
6888030171,2.1
6888029651,1.1
6888029503,nessun caso
6888029423,nessun caso
6888029198,3
6888029e3,2.1
6888028884,nessun caso
6888028875,2.1
6888028845,2.1
6888028840,nessun caso
6888028829,3
6888028574,nessun caso
6888022148,3
6888020835,1
6888020518,1
6888020334,2.1
6888020320,2.1
6888020186,2
6888020137,3
6888019930,1
6888019910,3
6888019878,nessun caso
6888019678,2.1
6888019656,3
6888019290,nessun caso
6887989039,3
6887722921,2
6887691003,3
6887680264,3
6887657635,3
6887567530,3
6887564729,nessun caso
6887553559,3
6887552586,nessun caso
6887548490,3
6887539164,3
6887538128,3
6887519247,2
6887512986,3
6887511972,2
6887510499,2.1
6887478924,3
6887474163,nessun caso
6887365353,3
6887364757,2.1
6887364692,3
6887364622,3
6887363857,3
6887363856,3
6887363168,2.1
6887362517,3
6887362342,nessun caso
6887362075,1
6887361729,3
6887359863,3
6887359787,3
6887359767,2.1
6887359703,nessun caso
6887359652,1.1
6887359575,1
6887355099,3
6887354452,3
6887353605,3
6887353222,2
6887353177,1.1
6887352947,3
6887352621,1
6887352439,1.1
6887352369,3
6887352096,2
6887352070,3
6887276531,3
6887275458,1.1
6887275400,2.1
6887273959,2
6887273581,3
6887273488,2.1
6887272847,2
6887272835,3
6887272824,3
6887272816,2
6887272729,3
6887272710,2.1
6887272706,2
6887272684,3
6887272665,2.1
6887272622,3
6887272604,3
6887272542,2
6887272524,3
6887272446,3
6887271853,nessun caso
6887271746,3
6887271413,3
6887271316,3
6887271198,2.1
6887270870,3
6887270793,nessun caso
6887270791,2
6887270374,nessun caso
6887270243,3
6887270234,1
6887270071,nessun caso
6886763983,2
6886574477,3
6886566051,3
6886555126,2
6886552689,2
6886544019,2
6886537751,nessun caso
6886536834,nessun caso
6886534942,3
6886534648,1.1
6886533813,3
6886533106,2.1
6886520817,3
6886518989,3
6886518417,2
6886518413,3
6886516954,3
6886516415,2.1
6886515256,2.1
6886515146,3
6886513513,3
6886513237,3
6886513043,3
6886513025,3
6886512090,3
6886512087,2
6886511759,2.1
6886364434,nessun caso
6885773016,2.1
6885499490,3
6885499352,nessun caso
6885493852,2.1
6885493107,2.1
6885492915,nessun caso
6885492577,2
6885492533,nessun caso
6885491986,2
6885491629,2
6885491463,2
6885491421,2.1
6885491388,2
6885491359,3
6885491276,3
6885490969,3
6885490777,nessun caso
6885455429,nessun caso
6885455097,nessun caso
6885455030,nessun caso
6885454643,2.1
6885454073,2.1
6885453768,1.1
6885453347,3
6885452482,1
6885452222,3
6885451921,1
6885451338,2.1
6885450811,nessun caso
6885450446,nessun caso
6885420121,2
6885420017,2.1
6885419925,2
6885419906,2.1
6885419843,2
6885419793,3
6885419751,2
6885419735,3
6885419724,nessun caso
6885419671,2
6885419662,3
6885419655,3
6885419621,3
6885419456,nessun caso
6885368239,2
6885360029,3
6885359755,2.1
6885359604,2.1
6885359498,2
6885359452,2.1
6885359394,3
6885359325,2.1
6885359088,3
6885358988,3
6885358771,1
6885358719,3
6885358663,3
6885356610,3
6885356362,3
6885356304,3
6885356235,1
6885356234,2.1
6885356164,nessun caso
6885356134,3
6885356051,2.1
6885355954,nessun caso
6885355889,3
6885355862,3
6884704028,1.1
6884558567,nessun caso
6884519032,3
6884498933,3
6884498284,nessun caso
6884497689,3
6884497668,3
6884497635,3
6884497581,3
6884497274,2.1
6884497207,2.1
6884496861,1
6884496459,3
6884496209,3
6884495760,3
6884495489,3
6884495344,2.1
6884450820,3
6884447689,3
6884447629,2.1
6884447148,3
6884446736,3
6884446302,3
6884445825,3
6884445294,3
6884445179,1.1
6884438095,2.1
6884437431,3
6884436610,nessun caso
6884433421,3
6884432998,2.1
6884432704,nessun caso
6884432431,nessun caso
6884432381,3
6884431465,nessun caso
6884431414,3
6884430988,3
6884430906,2.1
6884429967,3
6884429904,2
6884429747,3
6884429420,nessun caso
6884429293,3
6884429154,3
6884429109,nessun caso
6884428891,nessun caso
6884428662,2.1
6884428583,3
6884428572,3
6884428517,3
6884428413,3
6884428276,3
6884428245,3
6884428236,3
6884428223,nessun caso
6884428152,nessun caso
6884428117,1
6884428102,3
6884428042,1.1
6884428017,3
6884427952,2
6884427863,nessun caso
6884427860,3
6884427691,2
6884427327,nessun caso
6884427263,3
6884426885,3
6884426253,3
6884426196,3
6884412176,nessun caso
6884409835,3
6884409406,3
6884409304,2.1
6884409121,2
6884408921,2.1
6884408856,3
6884408679,3
6884408646,3
6884408583,nessun caso
6884408531,nessun caso
6884408489,3
6884408417,2
6884408369,2.1
6884408367,2.1
6884408323,nessun caso
6884408317,2
6884408161,1.1
6884408145,3
6884390146,nessun caso
6884383042,1
6884382523,2.1
6884382490,3
6884382117,2
6884381595,3
6884381526,3
6884381524,3
6884381381,3
6884381373,3
6884381362,1
6884381346,3
6884381289,3
6884381260,3
6884381243,1
6884381241,2.1
6884381019,2.1
6884380719,1.1
6884379965,1
6884379935,2.1
6884379825,nessun caso
6884379548,nessun caso
6884379381,1
6884379094,nessun caso
6884378738,3
6884378116,1.1
6884377921,2.1
6884363408,nessun caso
6884352281,nessun caso
6884351080,2.1
6884346008,nessun caso
6884345744,3
6884345307,3
6884345288,1
6884345041,1
6884344423,2.1
6884344123,3
6884312311,3
6884308691,nessun caso
6884308456,nessun caso
6884308147,nessun caso
6884018647,2.1
6883926634,nessun caso
6883812121,nessun caso
6883756737,1.1
6883734791,2
6883733637,3
6883701304,3
6883627341,1.1
6883609410,3
6883609244,nessun caso
6883578126,3
6883546042,3
6883539530,3
6883522262,3
6883511831,nessun caso
6883511085,nessun caso
6883400959,2.1
6883374422,3
6883371711,2.1
6883371498,3
6883371428,3
6883371176,2
6883371098,3
6883370989,2.1
6883370826,2
6883370767,3
6883370758,2.1
6883370694,2.1
6883370541,2.1
6883370515,2
6883370494,2
6883370453,2.1
6883366954,nessun caso
6883366190,2
6883365197,3
6883365051,3
6883364713,2
6883363946,1
6883363939,nessun caso
6883363595,3
6883363483,1
6883363251,3
6883362942,nessun caso
6883362848,nessun caso
6883362374,3
6883362232,3
6883362180,2
6883361741,3
6883307374,2.1
6883296961,2
6883294062,3
6883293853,nessun caso
6883293752,3
6883293699,2.1
6883293581,3
6883293439,3
6883292901,3
6883292666,3
6883292531,1.1
6883292326,2
6883289216,3
6883287990,2.1
6883287304,nessun caso
6883287071,2.1
6883287066,3
6883286985,3
6883286933,3
6883286919,3
6883286915,3
6883286845,1.1
6882888547,3
6882885662,3
6882425650,3
6882423988,3
6882423916,2
6882423866,2.1
6882423744,3
6882422839,nessun caso
6882422616,2.1
6882422563,2.1
6882422545,3
6882422336,3
6882421610,2
6882419974,3
6882419424,1.1
6882418850,2
6882418783,3
6882418281,3
6882418225,1
6882418215,3
6882418165,3
6882418162,3
6882418142,3
6882418137,nessun caso
6882418084,3
6882417920,3
6882409524,1.1
6882409345,2.1
6882409288,nessun caso
6882409062,nessun caso
6882405970,2.1
6882405934,nessun caso
6882405796,2.1
6882405479,2
6882405428,2.1
6882405014,3
6882405010,2.1
6882404845,3
6881596480,3
6881589359,1.1
6881585244,2.1
6881584616,3
6881583955,3
6881583838,2.1
6881583828,nessun caso
6881583244,nessun caso
6881582966,1
6881582691,nessun caso
6881582570,1.1
6881582410,1
6881582306,nessun caso
6881581924,3
6881581781,3
6881581726,1
6881581714,3
6881581665,3
6881581655,1
6881581651,3
6881581636,nessun caso
6881581627,1
6881581606,nessun caso
6881581540,1
6881581498,nessun caso
6881581496,3
6881581482,nessun caso
6881581479,3
6881581459,3
6881581390,nessun caso
6881548742,1.1
6881547259,1.1
6881547069,2.1
6881546604,2
6881546040,3
6881545939,3
6881545914,nessun caso
6881545797,nessun caso
6881545558,3
6881545340,3
6881545337,3
6881545336,nessun caso
6881545308,nessun caso
6881545263,3
6881545256,1.1
6881545185,3
6881545174,nessun caso
6881545145,nessun caso
6881544992,nessun caso
6881544917,3
6881544827,nessun caso
6881544773,1.1
6881544771,nessun caso
6881544537,nessun caso
6881544057,3
6881511922,nessun caso
6881509490,1.1
6881509434,3
6881508311,1.1
6881504581,nessun caso
6881504073,3
6881501768,1.1
6881501056,3
6881500363,nessun caso
6881500149,3
6881499722,3
6881499653,1
6881499595,3
6881499569,2.1
6881499496,3
6881499355,3
6881488212,2.1
6881483726,3
6881481993,nessun caso
6881481911,nessun caso
6881480992,3
6881478942,1.1
6881478894,2.1
6881478829,3
6881478472,3
6881478378,2
6881478333,2
6881477810,2
6881477674,2.1
6881477612,3
6881477477,2
6881477463,3
6881477303,1
6881477084,2.1
6881476699,2.1
6881476533,1
6881476330,3
6881476268,3
6881476211,3
6881463052,3
6881463010,2.1
6881462942,2.1
6881462804,3
6881462753,2.1
6881462521,2
6881462393,1.1
6881462372,2.1
6881462358,3
6881462344,2.1
6881462284,2
6881462235,3
6881461883,3
6881461830,3
6881461750,2.1
6881461671,3
6880481399,2.1
6880480046,3
6880479371,nessun caso
6880479022,1
6880479002,3
6880478875,3
6880478869,2.1
6880478830,nessun caso
6880478815,nessun caso
6880478538,3
6880478517,3
6880478392,2
6880478303,3
6880478224,2.1
6880477998,3
6880477799,nessun caso
6880477792,2.1
6880477532,2.1
6880477387,2
6880403448,3
6880403175,3
6880402887,nessun caso
6880402688,3
6880402308,1
6880402058,3
6880401998,2
6880401954,1
6880401596,2
6880401527,2.1
6880400871,3
6880400848,1.1
6880400785,2.1
6880400623,1
6880400085,3
6880400013,3
6880399851,3
6880399681,1.1
6880399646,1.1
6880399612,2.1
6880399445,2
6880399292,3
6880377787,nessun caso
6880375023,nessun caso
6880373850,1
6880373496,2.1
6880372741,2
6880372533,2.1
6880372355,1
6880372262,nessun caso
6880372186,1.1
6880372182,nessun caso
6880372171,2
6880372113,2
6880372007,2.1
6880371384,2.1
6880371331,3
6880371188,2.1
6880371165,1.1
6880370492,3
6880368861,2.1
6880367908,nessun caso
6880366649,nessun caso
6880365747,nessun caso
6880365721,3
6880365552,nessun caso
6880365494,3
6880365425,2.1
6880365258,1.1
6880365211,3
6880365163,2.1
6880365125,3
6880365077,2
6880365060,nessun caso
6880364842,2.1
6880364762,3
6880364733,2.1
6880364652,nessun caso
6880364188,nessun caso
6880364178,3
6880363924,2
6880363826,3
6880352657,3
6880346353,nessun caso
6880346111,nessun caso
6880346021,1.1
6880345928,nessun caso
6880345855,3
6879837934,2
6879188640,3
6879185071,3
6879184451,3
6879184380,2.1
6879183882,1
6879183300,nessun caso
6879183174,nessun caso
6879183139,3
6879183015,2
6879182914,3
6879182692,3
6879182390,nessun caso
6879182353,1.1
6879182004,2.1
6879181856,3
6879181575,nessun caso
6879181569,3
6879181522,nessun caso
6879181448,nessun caso
6879181403,3
6879181402,2.1
6879181115,2.1
6879180958,nessun caso
6879180905,2.1
6879180689,3
6879180372,2.1
6879180159,2.1
6879180071,2
6879179945,1.1
6879179917,2.1
6879179870,3
6879179806,3
6879179790,3
6879179682,3
6879179629,3
6879179412,3
6879178999,1.1
6879178992,3
6879178815,3
6879178813,nessun caso
6879178663,2.1
6879178560,2
6879178437,3
6879161840,3
6879158703,3
6879158051,nessun caso
6879155963,3
6879155740,1
6879155328,3
6879155230,3
6879154504,nessun caso
6879154130,3
6879153898,2.1
6879153858,2.1
6879153278,3
6879153261,3
6879152997,nessun caso
6879152981,2.1
6879152784,nessun caso
6879152740,3
6879152668,3
6879152634,3
6879152475,3
6879152463,nessun caso
6879152324,nessun caso
6879152321,3
6879152269,2.1
6879152151,3
6879135970,2.1
6879132743,3
6879132734,2.1
6879132696,2.1
6879131654,3
6879131457,3
6879131381,1.1
6879131375,2.1
6879131320,3
6879131278,nessun caso
6879131239,3
6879028840,3
6879026337,nessun caso
6879025190,1
6879025047,3
6879024959,2
6879024854,nessun caso
6879024779,nessun caso
6879024223,3
6879024161,2.1
6879024114,3
6879024086,2.1
6879023930,3
6879023893,nessun caso
6879023772,3
6879023557,3
6879023364,3
6877959307,nessun caso
6877900678,3
6877896281,2
6877892797,2
6877891161,2.1
6877890967,1.1
6877890940,3
6877890913,nessun caso
6877890626,2.1
6877890562,1.1
6877890186,2.1
6877890108,2.1
6877889976,3
6877889296,1.1
6877889294,3
6877889292,2.1
6877889040,1.1
6877888652,2.1
6877879979,1.1
6877877216,nessun caso
6877872892,2.1
6877865769,3
6877865523,3
6877865048,2.1
6877864426,1.1
6877863924,nessun caso
6877863351,1
6877863206,2.1
6877862949,2.1
6877862895,3
6877862492,2.1
6877862280,2.1
6877861811,2
6877861681,nessun caso
6877861411,2.1
6877861306,3
6877861073,2
6877860658,1
6877860461,3
6877856936,2
6877824402,3
6877723606,3
6877720613,3
6877714818,3
6877714307,3
6877714120,3
6877714063,2.1
6877713975,1
6877713840,3
6877713342,nessun caso
6877030533,nessun caso
6876601971,1.1
6876596937,1
6876428717,2
6876399969,3
6876399164,3
6876397347,2.1
6876396806,3
6876396040,2
6876395768,3
6876395326,2.1
6876395008,3
6876394956,2
6876394692,3
6876394393,nessun caso
6876394316,3
6876394084,3
6876394063,2.1
6876393875,nessun caso
6876393278,2.1
6876393217,3
6876393151,nessun caso
6876393122,3
6876392789,nessun caso
6876392766,3
6876392373,nessun caso
6876373870,2.1
6876373694,nessun caso
6876372965,nessun caso
6876372769,nessun caso
6876372353,3
6876372083,nessun caso
6876371886,3
6876370868,3
6876370838,nessun caso
6876370312,nessun caso
6876300351,2
6876300107,3
6876299877,3
6876299862,3
6876299255,2
6876299006,2.1
6876298790,3
6876298715,1
6876298335,2
6876298243,nessun caso
6876298208,3
6876297180,2.1
6876297119,3
6876296880,2.1
6876296861,2.1
6876283483,3
6876282291,2.1
6876282119,3
6876282028,1.1
6876281902,2.1
6876278939,2
6876276867,3
6876276858,nessun caso
6875887753,2
6875624023,1.1
6875364382,3
6875364045,2
6875364015,2.1
6875363392,2.1
6875363108,3
6875362886,3
6875362795,3
6875362694,3
6875362596,2.1
6875362588,2
6875362362,3
6875362301,2
6875362061,nessun caso
6875362e3,1.1
6875361962,3
6875360805,nessun caso
6875360623,1.1
6875360423,2.1
6875359906,3
6875359357,2.1
6875359067,1
6875359030,2
6875358983,1.1
6875358963,2.1
6875358672,3
6875358463,3
6875358216,1
6875357551,3
6875357333,3
6875357044,3
6875355212,3
6875354765,1
6875354752,3
6875353819,2.1
6875353570,1.1
6875353400,2
6875353349,1
6875352487,1
6875352423,3
6875352406,1
6875350957,1.1
6875350887,2.1
6875350503,2.1
6875350387,1.1
6875350314,3
6875350209,3
6875350110,nessun caso
6875350061,3
6875349932,2
6875349678,3
6875347097,3
6875346820,3
6875346809,3
6875346697,2
6875346674,1
6875346621,2
6875345242,3
6875344234,3
6875344112,2.1
6875343989,3
6875343980,2
6875343978,3
6875343974,3
6875343912,2
6875343895,3
6875343712,2.1
6875343262,3
6875338078,nessun caso
6875338047,nessun caso
6875338003,nessun caso
6875337994,nessun caso
6875337973,nessun caso
6875337949,nessun caso
6875337947,3
6875337883,1
6875337785,3
6875337781,nessun caso
6875337626,1
6875337625,3
6875333816,nessun caso
6875333409,3
6875333200,nessun caso
6875332865,3
6875332789,nessun caso
6875332755,1
6875332504,3
6875332498,3
6875332496,3
6875332476,2
6875332453,3
6875332359,2
6875332319,2.1
6875332232,3
6875332199,3
6875332150,3
6875332070,3
6875328826,nessun caso
6875328280,nessun caso
6875328038,3
6875328013,3
6875327985,3
6875327821,2
6875327761,3
6875327750,3
6875327746,3
6875327723,3
6875327576,2.1
6875327395,2
6875327126,2
6875323841,3
6875323756,3
6875323690,2.1
6875323631,3
6875322374,nessun caso
6875321623,3
6875321367,nessun caso
6875321248,nessun caso
6875321208,nessun caso
6875320905,3
6875320313,3
6875316275,nessun caso
6875315548,nessun caso
6875315547,3
6875315274,3
6875315271,3
6875315234,3
6875315220,2.1
6875315213,3
6875315182,3
6875315036,3
6875314882,2.1
6875314785,3
6875314524,3
6875314482,2.1
6875314322,2
6875313103,3
6875313017,2
6875312946,1.1
6875312884,3
6875312871,3
6875312864,2
6875312799,2.1
6875312786,2.1
6875312479,1.1
6875312423,1.1
6875312420,1
6875312119,nessun caso
6875312058,nessun caso
6875312031,3
6874875781,2.1
6874400618,1.1
6874399755,2.1
6874398905,nessun caso
6874397859,1.1
6874397031,3
6874397009,2.1
6874395395,2.1
6874394905,3
6874394885,1
6874394649,2
6874394316,3
6874393924,2.1
6874393857,3
6874393081,3
6874392802,3
6874392645,1
6874392502,3
6873930690,nessun caso
6873742469,3
6873390961,3
6873389598,nessun caso
6873388745,nessun caso
6873387747,2.1
6873387472,nessun caso
6873379819,nessun caso
6873379555,1
6873379522,3
6873378903,1.1
6873378426,2
6873241571,2.1
6873206178,3
6873204223,3
6873204142,2
6873204070,3
6873202888,3
6873202880,3
6873202707,3
6873202696,3
6873202672,2.1
6873202574,3
6873202544,3
6873202522,3
6873202490,3
6873202467,3
6873202104,3
6873201728,1
6873201554,1.1
6873201521,2
6873148983,2
6873138902,2.1
6871818455,nessun caso
6871814252,nessun caso
6871812640,nessun caso
6871811619,nessun caso
6871811615,nessun caso
6871811612,1.1
6871811513,1.1
6871811038,2
6871810991,2
6871810934,1.1
6871810907,3
6871810849,3
6871810562,3
6871810188,2
6871809288,3
6871808408,1.1
6871808191,1.1
6871807957,2.1
6871807841,2.1
6871807821,3
6871807730,3
6871806445,2.1
6871806106,1
6871805783,2.1
6871805698,3
6869911489,nessun caso
6869887182,1.1
6869741650,3
6869697184,2.1
6869684416,2
6869680821,1.1
6869672444,2.1
6869572915,2.1
6869316611,2.1
6869282195,2
6869273445,1
6868869561,nessun caso
6868630041,nessun caso
6868076351,3
6868041541,3
6868037369,2
6868037122,3
6868037040,2.1
6868037030,3
6868036893,3
6868036890,3
6868036844,3
6868036224,3
6868036172,3
6868036165,3
6868036111,2
6868035835,3
6868035707,2.1
6868035453,3
6868034592,3
6868034176,3
6868034170,3
6868034135,2.1
6868033416,2.1
6868003410,3
6867920865,2
6867759863,nessun caso
6867755344,nessun caso
6867700952,2.1
6867692730,nessun caso
6867586192,3
6867582940,1
6867501271,2
6867500811,2.1
6867497340,3
6867039971,2
6867016471,3
6867012433,3
6866980865,nessun caso
6866974010,nessun caso
6866966818,2
6866958710,nessun caso
6866956638,3
6866946065,3
6866943207,2
6866942793,nessun caso
6866826242,3
6866802391,nessun caso
6866772622,2.1
6866733108,2.1
6866729847,3
6866704631,2.1
6866701046,nessun caso
6866700484,nessun caso
6866699410,2.1
6866698708,1.1
6866698493,nessun caso
6866697581,nessun caso
6866697558,nessun caso
6866697422,nessun caso
6866697413,nessun caso
6866697391,2.1
6866697362,nessun caso
6866696464,nessun caso
6866696378,3
6866696355,nessun caso
6866696233,3
6866696232,nessun caso
6866696061,nessun caso
6866385980,3
6865576281,3
6864310763,3
6863812871,2.1
6863691701,3
6863620619,2
6863616374,2
6863495892,1
6863492582,2.1
6863489278,3
6863488993,1.1
6863487207,3
6863486885,2.1
6863485966,3
6863485527,3
6863485273,3
6863484726,2
6863483841,nessun caso
6863482329,1.1
6863481005,nessun caso
6863480624,3
6863480344,nessun caso
6863480322,nessun caso
6863480287,3
6863479865,3
6863478622,1.1
6863477860,3
6863477410,nessun caso
6863477061,3
6863475351,nessun caso
6863475340,nessun caso
6863475169,nessun caso
6863475073,nessun caso
6855232712,nessun caso
6854669273,3
6854668793,nessun caso
6854666803,2
6854655750,2
6854650934,3
6854649528,nessun caso
6854645568,2
6854644047,3
6854634179,2.1
6854618605,3
6849264903,1
6849245863,1.1
6849239109,2
6849238583,3
6849238350,1
6849238338,3
6849129729,1
6849122718,2
6848961085,nessun caso
6848959445,2
6848958726,2
6848915577,2.1
6848905341,3
6848866657,3
6848856273,3
6848854111,2.1
6848853728,3
6848852692,3
6848851258,2.1
6848850237,1.1
6848846994,3
6848845667,3
6848845578,1.1
6848845143,3
6848843657,3
6848843500,2
6848843348,1.1
6848843209,1.1
6848842827,3
6848842820,2.1
6848842754,2
6848842381,nessun caso
6848842228,2.1
6848841474,nessun caso
6848841468,3
6848840862,2
6848840649,3
6848840274,3
6848839963,2.1
6848839786,nessun caso
6848838782,3
6848838724,nessun caso
6848838584,2.1
6848838418,1
6848838383,nessun caso
6848838110,3
6848837995,2.1
6848837881,3
6847664177,3
6846140257,2
6846138760,3
6846134911,3
6846134831,2
6846134033,2.1
6846133665,2.1
6846133561,2
6846133481,2.1
6846133227,2.1
6846132979,2
6846132735,2
6846132576,3
6846132549,2.1
6846131993,2.1
6846131622,nessun caso
6846131159,3
6846004683,1
6845994668,2.1
6845992186,2.1
6845990131,1.1
6845989198,2.1
6845987148,nessun caso
6845983926,nessun caso
6845978342,3
6845975128,1
6845973100,3
6845969240,nessun caso
6845968275,2.1
6845967194,nessun caso
6845966417,3
6845966250,2.1
6845965943,2.1
6845965458,1.1
6845964140,1.1
6845964072,3
6845963409,2.1
6845962635,nessun caso
6845962169,3
6845959190,3
6841157091,2.1
6841143742,3
6841141629,2.1
6841140983,2
6841140457,3
6841136425,3
6841134844,3
6841133773,3
6841132722,3
6841132720,3
6841130748,3
6841129365,2.1
6841128628,2.1
6841128511,3
6841128427,2
6841128197,2.1
6841127075,3
6841125484,2
6841123902,nessun caso
6841113801,1.1
6841111365,3
6841105517,3
6841105516,1
6841104673,2
6841104410,3
6841103758,nessun caso
6841103226,3
6841102941,3
6841102881,3
6841102306,3
6841101949,1.1
6841101535,3
6841100960,3
6841100886,3
6838313698,nessun caso
6838312741,2.1
6838309983,3
6838306528,nessun caso
6838306125,2.1
6838302102,3
6838301508,3
6838300386,nessun caso
6838299948,2.1
6838299789,1.1
6838299589,3
6838298836,2
6838298797,nessun caso
6838298257,3
6838298246,3
6838297911,2.1
6838296855,2
6838296821,3
6838296478,2
6838296222,2.1
6838296089,1.1
6835406274,1.1
6835027993,3
6835021720,1.1
6835020267,3
6835018409,2
6835015658,3
6835013308,3
6835011922,3
6835011074,2
6835009929,3
6835009296,1.1
6835009009,3
6835007606,2
6835007359,3
6835005949,2.1
6835004536,1.1
6835004061,2
6835002670,1.1
6835002125,2.1
6835001185,nessun caso
6835001135,3
6834994550,3
6831963172,3
6831962047,2.1
6831956361,3
6831954697,nessun caso
6831953923,2
6831953767,2.1
6831952878,3
6831952814,3
6831949829,3
6831948082,1.1
6831946055,1
6831945890,3
6831945455,3
6831944031,1.1
6831936878,2.1
6831934686,2
6831926736,2.1
6831924428,2.1
6830810447,3
6826275790,2.1
6826269402,3
6826269332,3
6826269301,2
6826269208,2
6826269187,3
6826269140,2.1
6826269070,3
6826269057,3
6826269036,2
6826269034,2.1
6826268944,2
6826268920,3
6826268907,3
6826268815,3
6826268761,3
6826268748,3
6826268715,nessun caso
6826268714,2.1
6826268674,3
6826268567,3
6826268396,2.1
6826268356,3
6826268261,2.1
6826268233,3
6826267744,3
6824151651,3
6824148489,3
6824146783,3
6824146236,nessun caso
6824145203,3
6824135705,2
6824134526,3
6824133107,2.1
6824132214,1.1
6824127790,2
6824127545,3
6824127345,3
6824127141,2.1
6824126703,3
6824126391,3
6824126340,2.1
6824126244,2
6824126214,3
6824126131,3
6824124967,2.1
6824124873,3
6824124548,1.1
6824124398,3
6824123992,3
6823897233,nessun caso
6823896598,nessun caso
6823896073,3
6823895550,nessun caso
6823895076,nessun caso
6823894975,3
6823894954,3
6823894353,3
6823893986,1
6823893920,2.1
6823893874,1
6823893797,3
6823893728,3
6823893724,nessun caso
6823893710,nessun caso
6823893672,1
6823893662,nessun caso
6823893603,3
6823893491,3
6823893377,nessun caso
6823892775,nessun caso
6821595298,2.1
6821586619,3
6821558771,2.1
6821535199,2.1
6821533404,2.1
6821533310,2.1
6821532886,1
6821532665,2.1
6821068099,2
6821067860,3
6821066591,nessun caso
6821065333,1
6821063751,nessun caso
6821061389,2.1
6821060488,2
6821059044,2
6821058477,nessun caso
6821058448,nessun caso
6821057976,3
6821057163,3
6821056808,2.1
6821056590,nessun caso
6821056468,3
6821056289,2
6821055933,nessun caso
6821055906,nessun caso
6821055897,2.1
6821055855,3
6821055844,2
6821055780,3
6821055767,nessun caso
6821055757,2.1
6821055744,nessun caso
6821055711,3
6821055160,nessun caso
6821054953,nessun caso
6821054938,2.1
6821054140,2.1
6821053874,nessun caso
6821053230,3
6821052781,nessun caso
6821051290,1.1
6821051029,2
6821050968,3
6821050949,2.1
6821050579,nessun caso
6821050381,3
6821050235,3
6821050221,nessun caso
6821050199,2.1
6821050083,3
6821049928,3
6821049878,3
6821049693,2.1
6821049397,3
6821049268,2
6818479938,nessun caso
6818476941,nessun caso
6818476429,nessun caso
6818473467,2.1
6818469921,nessun caso
6818469243,2
6818467859,3
6818466939,2.1
6818466227,3
6818466170,nessun caso
6818465877,3
6818465656,3
6818465529,2
6818464794,2.1
6818464582,3
6818464522,3
6818464438,3
6818464271,nessun caso
6818464235,nessun caso
6818464105,2.1
6818464014,nessun caso
6818463762,3
6815325326,nessun caso
6815319673,3
6815312884,nessun caso
6815309704,1.1
6815308592,2
6815308587,nessun caso
6815308510,nessun caso
6815308152,3
6815307684,2
6815307323,1.1
6815306728,3
6815306016,nessun caso
6815305968,2.1
6815305911,1.1
6815305714,3
6815305704,3
6815305558,nessun caso
6815305537,1
6815305292,2
6815304433,3
6815303755,3
6815168806,nessun caso
6812652579,nessun caso
6812632439,nessun caso
6812630010,3
6812629022,nessun caso
6812626813,3
6812626736,2
6812626612,nessun caso
6812625932,3
6812625670,3
6812625120,3
6812625115,nessun caso
6812625001,3
6812624830,3
6812624580,3
6812624485,nessun caso
6812624347,2
6812624268,2
6812624094,nessun caso
6812624086,nessun caso
6812624035,nessun caso
6812623973,2
6812623887,3
6812623633,nessun caso
6812623622,3
6812623421,nessun caso
6812623398,2
6812623306,nessun caso
6812617628,2.1
6812611515,2.1
6812607555,2.1
6812575123,3
6812574877,nessun caso
6812572531,2
6812571490,3
6812558799,3
6812558552,3
6812558497,2.1
6812558296,3
6812558257,3
6812558213,3
6812558104,3
6812557856,3
6812557019,3
6812556194,3
6812555330,2
6812555247,3
6812554877,3
6812553352,3
6812553327,nessun caso
6812552931,nessun caso
6812552555,3
6812552526,3
6812552512,1.1
6812552508,nessun caso
6812552463,3
6812552446,3
6812552048,nessun caso
6810419654,3
6810126299,2.1
6810122424,nessun caso
6809995235,nessun caso
6809989914,2.1
6809986224,nessun caso
6809984974,nessun caso
6809984532,3
6809982887,nessun caso
6809980899,3
6809980870,2.1
6809980802,3
6809980730,3
6809980579,3
6809980571,3
6809980518,3
6809980442,3
6809980383,1.1
6809980377,3
6809980246,3
6809980196,2.1
6809980171,2.1
6809980113,nessun caso
6809980106,3
6809980102,2
6809980012,nessun caso
6809980001,3
6809979576,nessun caso
6809932557,2
6809916885,nessun caso
6809907675,3
6809906553,2.1
6809906480,3
6809902209,3
6809889689,nessun caso
6809889378,3
6809888248,1
6809885075,1.1
6809884993,nessun caso
6809884965,3
6809884518,3
6809884469,2
6809884456,2
6809884354,3
6809883561,3
6809879220,nessun caso
6809878995,nessun caso
6809878794,nessun caso
6809878775,3
6809878414,2.1
6809878342,nessun caso
6809878227,nessun caso
6809878174,3
6809877880,nessun caso
6809877776,nessun caso
6809877451,1
6809877427,1.1
6809877388,nessun caso
6809877382,2.1
6809877348,nessun caso
6809877166,3
6809877158,3
6809877065,1
6809876990,nessun caso
6807819945,2.1
6807819906,2.1
6807789300,nessun caso
6807778903,nessun caso
6807777208,nessun caso
6807775474,2
6807773793,3
6807772362,nessun caso
6807768424,2.1
6807764632,2.1
6807762929,nessun caso
6807761929,2.1
6807761744,nessun caso
6807760562,2
6807760495,3
6807760335,3
6807759407,3
6807759146,3
6807758778,nessun caso
6807758710,3
6807758350,3
6807758338,nessun caso
6807758287,nessun caso
6807758027,3
6807757920,3
6807757904,3
6807757529,2.1
6807757509,3
6807756472,3
6807756351,3
6807756028,2
6807756002,3
6807755929,2.1
6807755554,3
6807672658,3
6807671015,2.1
6807670008,3
6807669681,3
6807669521,3
6807669403,2.1
6807668862,2.1
6807668713,nessun caso
6807668402,1.1
6807668258,2.1
6807666438,3
6807666430,2.1
6807665757,3
6807665659,1
6807664441,3
6807586894,3
6807558243,3
6807554958,nessun caso
6807554945,2.1
6807553921,nessun caso
6807552628,2
6807552345,3
6807552093,2
6807552009,1
6807551887,nessun caso
6807551599,2.1
6807551455,2
6807551446,2.1
6807550996,2.1
6805310093,2.1
6805294665,nessun caso
6805284342,3
6805273923,3
6805273631,2.1
6805269353,2
6805269100,3
6805267865,nessun caso
6805267695,3
6805267447,3
6805263908,nessun caso
6805105320,3
6805104403,1
6805100078,2.1
6805097553,2.1
6805094154,nessun caso
6805093585,nessun caso
6805093273,3
6805092397,nessun caso
6805091545,nessun caso
6805090338,1.1
6805088306,nessun caso
6805087854,nessun caso
6805087496,nessun caso
6805086529,2
6805084969,nessun caso
6805083726,nessun caso
6805083602,2
6805083186,nessun caso
6805083047,nessun caso
6805082986,nessun caso
6805082764,3
6805081852,3
6805081844,2
6805081831,1
6805081826,3
6805081813,1
6805081709,1
6805081699,1
6805081663,2.1
6805080942,3
6805080882,3
6805002260,2.1
6804981418,1
6804980987,1
6804979805,2.1
6803608395,3
6801971987,3
6801971580,3
6801971405,2
6801970524,3
6801970434,2.1
6801969488,1
6801969205,2.1
6801967593,3
6801967307,3
6801966862,3
6801966690,3
6801966686,3
6801965783,3
6801965457,1.1
6801892861,2
6801886419,2
6801885466,2.1
6801885455,2.1
6801885004,3
6801884430,2.1
6801884147,1
6801883226,3
6796417480,nessun caso
6795626091,3
6791321969,2.1
6788458648,2.1
6788457042,2
6788456967,2.1
6788456695,2.1
6788456275,2
6788456108,2.1
6788456037,3
6788455978,2.1
6788455957,2.1
6788455915,3
6788455912,2
6788455770,2
6788455001,2.1
6787141907,3
6786632606,3
6785967990,2.1
6785956199,3
6785871839,3
6785780056,2
6785575947,3
6785425215,2.1
6785421413,2
6785420460,1.1
6785419832,3
6785419744,2.1
6785419690,2.1
6785419631,2.1
6785419613,2
6785419382,2.1
6785419353,2.1
6785418188,2.1
6785417895,2.1
6785392255,3
6785379408,nessun caso
6785376361,nessun caso
6785376271,3
6785371768,3
6785370180,nessun caso
6785369983,2.1
6785358996,3
6785355903,2.1
6785354952,2.1
6785354748,1.1
6785354305,2
6785354234,2.1
6785352902,3
6785351961,2
6785351860,2
6785351792,2.1
6785351687,2.1
6785351053,3
6785350950,2.1
6785350557,3
6785272335,3
6785266149,2.1
6785265920,1.1
6785252954,3
6785245086,2
6785243734,nessun caso
6785243112,3
6785242600,2.1
6785242326,3
6785242291,3
6785242065,3
6785241674,2
6785241492,3
6785241393,3
6785241057,3
6785240678,3
6785240480,2
6785239798,1
6785239487,3
6785200824,3
6785198102,nessun caso
6785194787,2.1
6785194744,3
6785194621,3
6785194388,3
6785194248,3
6785194176,2.1
6785193625,3
6785191946,1.1
6785190159,3
6785188827,2
6785188580,nessun caso
6785187513,1.1
6785066797,2.1
6785060720,2.1
6785059114,2.1
6785051359,1
6785051194,1.1
6785050338,2.1
6785050168,3
6785050160,2.1
6785049762,2.1
6785049747,1
6785049667,1.1
6785049565,2.1
6785049533,nessun caso
6785049347,1
6785048978,2.1
6785048811,2.1
6785048702,2.1
6785048675,nessun caso
6785048373,2.1
6785048344,3
6785047903,2
6785033212,3
6785026240,3
6785026197,3
6785025619,3
6785024771,2.1
6785024383,3
6785023024,nessun caso
6785022936,2.1
6785021807,nessun caso
6785021600,3
6785018141,2.1
6785016496,2.1
6785015112,3
6785015048,2.1
6785014948,2
6785014894,2
6785014833,3
6785014632,3
6785014446,2.1
6785014364,2.1
6785014317,2.1
6785014051,nessun caso
6785013927,2.1
6785005796,nessun caso
6785005251,3
6785005005,1
6785003919,3
6785003399,1
6783419719,3
6782560014,3
6782535052,2.1
6782533454,2.1
6782532712,3
6782529555,3
6782528773,2.1
6782528769,2.1
6782528259,3
6782528235,1.1
6782527213,2.1
6782526687,3
6782526167,3
6782525807,3
6782525754,3
6782525736,1
6782525552,1
6782525485,3
6782525481,2
6782525094,3
6782524816,1
6782524791,2.1
6781116137,2
6781106285,2
6781105995,nessun caso
6778391397,1
6778386430,nessun caso
6775255431,nessun caso
6775247885,1
6775242847,3
6775238645,nessun caso
6775237089,1
6775236300,3
6775235860,2.1
6775235450,nessun caso
6775234543,3
6775233864,nessun caso
6775226749,nessun caso
6774734299,3
6774732177,nessun caso
6774721687,2.1
6774721288,2.1
6774718283,3
6774718261,2
6774718193,1.1
6774718099,2
6774717766,3
6774717547,1.1
6774717492,3
6774717304,2.1
6774717094,3
6774716854,3
6774716845,3
6774716829,nessun caso
6774716739,nessun caso
6774716633,nessun caso
6774716571,3
6774716563,nessun caso
6774716539,nessun caso
6774715518,2.1
6774714417,nessun caso
6774713058,3
6774712992,2
6774711375,3
6774710827,3
6774710082,3
6774709336,3
6774709293,3
6774709137,2
6774709115,2.1
6774708935,1.1
6774708834,2.1
6774708788,3
6774708606,1
6774708386,1
6774708221,1.1
6774707498,3
6772259862,2.1
6772258453,nessun caso
6772257988,3
6772257829,2.1
6772257270,3
6772256865,3
6772256749,3
6772256566,nessun caso
6772254727,nessun caso
6772254005,2
6772253934,2.1
6772205357,3
6772194587,3
6772194253,3
6772193089,3
6772192955,2
6772192347,2.1
6772192010,2.1
6772191675,2
6772189202,1
6772188490,2
6772188099,3
6772051449,3
6772051152,3
6772051129,2.1
6772050828,3
6772049573,2.1
6772048836,3
6772048257,2
6772047995,3
6772047627,2
6772047262,2.1
6772047233,3
6771961626,3
6769435044,2
6769429195,nessun caso
6769429083,2.1
6769429072,2.1
6769426699,3
6769426374,3
6769425767,3
6769425276,2.1
6769425129,3
6769424600,3
6769424498,3
6769424116,3
6769423231,3
6769422923,2.1
6769422881,3
6769422730,3
6769422432,1.1
6769422203,3
6769422132,1
6769422051,3
6769421996,3
6769421974,2.1
6769421817,3
6767399766,nessun caso
6766759330,2.1
6766536795,3
6766469180,1
6766442952,3
6766268954,2.1
6766262092,3
6766259532,2
6766259201,2.1
6766258140,3
6766257848,nessun caso
6766257767,3
6766257189,1.1
6766256648,nessun caso
6766256302,2.1
6766256142,2.1
6766255853,1.1
6766142256,3
6766142254,2
6766142110,1
6766142099,3
6766141827,3
6766141771,2
6766141759,2.1
6766141664,3
6766141567,1
6758926768,3
6758921432,3
6758919988,1.1
6758919657,1
6758918706,3
6758918580,1
6758918471,2.1
6758918248,2.1
6758917924,2.1
6758917077,1
6758916707,3
6758916439,2.1
6758916205,3
6758916096,2
6758915695,2
6758915068,1.1
6758914990,2.1
6758914479,2
6758914069,3
6758914061,3
6758901129,2
6758859090,1
6758824713,2
6758794725,2.1
6755752221,nessun caso
6755705504,2
6755694943,2
6755693841,3
6755691827,nessun caso
6755689241,nessun caso
6755688989,3
6755687495,2.1
6755684806,2
6755684451,nessun caso
6755684103,nessun caso
6755683670,3
6755683288,3
6755683132,3
6755682573,3
6755682367,3
6755682219,3
6755682109,3
6755680281,2.1
6755678729,3
6755678242,3
6755678136,2
6755585470,2.1
6755583974,3
6755580535,3
6755579902,3
6755579499,3
6755579389,2.1
6755578797,nessun caso
6755578590,3
6755578378,3
6755577937,2.1
6755577847,2
6755577741,nessun caso
6755577513,2
6755577423,2.1
6755577110,2.1
6755576876,2
6755576750,3
6755576686,2.1
6755576680,3
6755576593,2
6755576427,nessun caso
6755575840,3
6755353907,3
6755348590,3
6755348063,3
6755345334,nessun caso
6755345124,3
6755345053,2
6755343360,3
6755343256,3
6755343010,3
6755342766,2.1
6755342416,1.1
6755342168,2.1
6755342113,3
6755342103,nessun caso
6755341861,3
6755341846,nessun caso
6755341374,1
6755341243,2.1
6755340589,2.1
6754020167,2.1
6753053756,2
6752978110,nessun caso
6752879176,3
6752872526,3
6752872006,2.1
6752869300,3
6752869188,2
6752868532,3
6752866873,nessun caso
6752865735,3
6752864555,2.1
6752863990,3
6752860209,2.1
6752857187,nessun caso
6752851913,2
6752851694,nessun caso
6752850684,2.1
6752848994,3
6752848341,2.1
6752847914,3
6752847910,nessun caso
6752847609,3
6752847357,2
6752847333,2
6752847192,nessun caso
6752846989,3
6752846910,3
6752846905,3
6752846896,2
6752846600,3
6752846133,3
6752846120,3
6752845911,nessun caso
6752845691,3
6752845620,3
6752845325,3
6751116396,2.1
6750247119,3
6750226812,2.1
6750224735,3
6750221064,3
6750220242,2
6750219012,3
6750218623,3
6750218308,nessun caso
6750218169,2.1
6750216811,2.1
6750216467,1
6750216047,3
6750214229,nessun caso
6750213526,1.1
6750213523,2.1
6750212909,2
6750212808,3
6750212436,3
6750212278,3
6750212125,3
6750212112,nessun caso
6750211995,2.1
6750211916,2
6750211777,3
6750211677,2.1
6750211367,2.1
6750079031,1
6750078525,3
6750077547,2.1
6750075735,3
6750072655,3
6750072134,2
6750071332,2
6750069867,2.1
6750068677,3
6750068455,3
6750068008,3
6750067611,2
6750067388,3
6750065732,2.1
6750063873,3
6750062830,3
6750062595,1.1
6750060365,3
6748439344,2.1
6747784136,3
6747781702,2.1
6747781407,3
6747780457,2.1
6747779145,2.1
6747778591,nessun caso
6747778243,2
6747778087,3
6747778060,3
6747777763,3
6747776824,2.1
6747776403,3
6747776346,3
6747776055,2
6747775902,2.1
6747775852,2
6747775709,2.1
6747775685,3
6747775537,2.1
6747775519,2
6747775374,2.1
6747775372,3
6747775363,3
6747775045,2
6747775032,3
6747774951,2.1
6747774599,1
6747774565,2.1
6747772492,3
6747770839,3
6747770065,nessun caso
6747769696,3
6747769626,3
6747769489,3
6747769284,2.1
6747769103,1
6747768936,2.1
6747768858,1
6747768755,3
6747768717,3
6747768711,2
6747768522,3
6747768265,3
6747768112,3
6747768102,nessun caso
6747767702,2.1
6747767541,3
6747767422,2
6747767378,1
6747767321,2.1
6747767319,2
6747767253,2.1
6747767004,3
6747766888,3
6747766801,nessun caso
6747766691,3
6747766524,3
6747766469,nessun caso
6747766451,3
6747766348,2
6747766193,3
6747766175,3
6747766172,2
6746411733,2.1
6745858989,3
6745798896,nessun caso
6745778265,2
6745776568,3
6745776381,2
6745776113,3
6745775471,nessun caso
6745775343,2
6745775224,2
6745775075,3
6745774988,nessun caso
6745774857,1
6745774674,3
6745774669,3
6745774583,2
6745774267,2.1
6745774225,2.1
6745774005,1
6745773990,2
6745773890,2
6745773527,1
6745773463,2
6745773364,2
6745773319,3
6745772333,nessun caso
6745694871,2.1
6745694530,3
6745693106,3
6745689891,3
6745689481,1.1
6745689381,1.1
6745689264,2
6745689223,2
6745688999,2
6745688797,3
6745688676,3
6745687353,3
6745687114,2.1
6745686109,3
6745488535,2.1
6745487995,3
6745487890,3
6745487330,3
6745484188,3
6745483958,1
6745483537,2.1
6745483336,2
6745482703,1.1
6745482521,2.1
6745482052,3
6745481406,3
6745480589,1
6745480521,3
6745479900,1.1
6745479782,3
6745478726,2
6745478588,3
6745478529,3
6745478456,nessun caso
6745477275,3
6745476036,2.1
6745466755,3
6745466711,3
6745466420,nessun caso
6745466201,3
6745465372,2
6745465288,3
6745465131,3
6745464870,2
6745464721,1
6745464131,3
6745463724,3
6745463014,1.1
6745462958,3
6745462431,3
6745462419,2
6745462380,3
6745462011,2
6745461733,1
6745461644,2.1
6745461310,2
6745460115,3
6744096663,nessun caso
6742996022,2.1
6742993804,3
6742984273,2
6742984161,2
6742981394,1.1
6742981289,3
6742979299,3
6742978871,3
6742978526,3
6742978443,3
6742978430,1
6742978347,2
6742977667,3
6742904455,2.1
6742904185,2.1
6742893260,3
6742892835,3
6742891449,nessun caso
6742890849,nessun caso
6742890649,3
6742890498,3
6742889870,1
6742889790,3
6742889728,3
6742889265,3
6742889230,3
6742888970,nessun caso
6742888935,3
6742888899,3
6742888820,2.1
6742888807,3
6742888783,2.1
6742888626,nessun caso
6742888517,3
6742888264,3
6740453809,2.1
6740442880,2.1
6740433471,1
6740432812,2.1
6740429217,2.1
6740428436,2
6740428244,3
6740427971,2.1
6740426673,2.1
6740426003,3
6740425436,2
6740425219,3
6740424852,nessun caso
6740424505,2.1
6740424352,3
6740424199,1
6740424104,2.1
6740423580,3
6740422229,2
6740421849,2.1
6740420760,1
6740168955,2.1
6740163277,2.1
6740160524,2.1
6740160502,nessun caso
6740160184,3
6740159188,3
6740158972,nessun caso
6740158884,3
6740158677,nessun caso
6740158401,3
6740158376,3
6740158275,2
6740157994,3
6740157647,3
6740157633,3
6740157618,3
6740157500,nessun caso
6740156762,3
6740156454,3
6740155003,3
6740152297,3
6740148801,3
6740148551,3
6740146253,3
6740134588,3
6740134329,3
6740134053,3
6740133962,3
6740133849,3
6740133726,3
6740133571,2.1
6740133455,2.1
6740132968,2
6740132861,2
6740132858,3
6740132824,2
6740132436,2.1
6740132332,3
6740132199,3
6740132097,3
6740132040,2.1
6740131366,3
6738845145,3
6737434804,3
6737431919,3
6737414655,2
6737413610,3
6737413268,3
6737413198,1
6737411880,nessun caso
6737411488,nessun caso
6737410825,nessun caso
6737410252,3
6737410072,1
6737408722,nessun caso
6737407148,1
6737209007,nessun caso
6734920706,2.1
6734751328,3
6734728559,2.1
6734725297,3
6734723409,3
6734720757,2
6734720712,1
6734720412,3
6734720282,nessun caso
6734719551,3
6734718614,2.1
6734717996,2
6734717817,3
6734717816,2.1
6734717606,2.1
6734716526,nessun caso
6732111631,2
6732111079,3
6732110943,2
6732109949,2.1
6732106492,3
6732106077,3
6732105234,nessun caso
6732105147,2
6732105058,nessun caso
6732104613,nessun caso
6732104387,2
6732104345,3
6732103903,3
6732103469,3
6732103261,3
6732102886,nessun caso
6732102759,2.1
6732102644,3
6732102488,nessun caso
6732102469,2
6732102301,3
6732102081,2.1
6732101983,3
6732101884,3
6729644140,1
6729635327,nessun caso
6729620046,3
6729617926,3
6729617629,2.1
6729617021,1
6729616401,3
6729616265,2.1
6729616121,3
6729616049,2
6729616014,2
6729614572,3
6729613752,nessun caso
6729613717,2.1
6729613291,3
6729612862,3
6729609291,1
6729580956,1.1
6729580463,2
6727423951,2.1
6727220608,2.1
6727219805,3
6727207863,3
6727207280,3
6727206961,3
6727206873,3
6727206729,3
6727206717,3
6727206491,3
6727206191,3
6727205783,3
6727203475,1.1
6727203259,2
6726974512,nessun caso
6726933213,nessun caso
6726904404,2
6725188374,1.1
6724669815,1.1
6724598328,3
6724597551,2.1
6724597057,3
6724596949,nessun caso
6724595779,1.1
6724595578,3
6724594836,3
6724593579,2
6724593560,2
6724593532,2.1
6724593199,2.1
6724592787,3
6724592652,3
6724592341,2
6724591886,3
6724590701,nessun caso
6724590051,3
6724452816,nessun caso
6724449935,2.1
6724449818,3
6724449162,3
6724448898,2.1
6724448473,2.1
6724442337,2.1
6724442180,nessun caso
6724434763,2
6724432988,2
6724432644,2
6724431941,2.1
6724431203,3
6722533459,3
6722054604,3
6722049515,2
6721960829,3
6721623193,2.1
6721619197,1.1
6721604404,nessun caso
6721574064,3
6718569791,3
6718567081,3
6718564265,3
6718558089,3
6718557982,1.1
6718557675,3
6718557637,3
6718557486,3
6718557441,3
6718557405,2.1
6718557399,3
6718557125,2.1
6718557109,3
6718556926,3
6718556862,2.1
6718556831,3
6718556826,3
6718556765,3
6718556666,1
6716396631,2.1
6716393072,nessun caso
6716391181,1.1
6716390980,3
6716390743,3
6716390679,1
6716390610,2.1
6716390607,3
6716390576,3
6716390528,3
6716390523,2
6716390511,3
6716390482,3
6716390181,2.1
6716347695,3
6714110494,3
6714108784,1.1
6714106966,nessun caso
6714106270,3
6714106247,2.1
6714106122,3
6714105887,2.1
6714105860,2.1
6714105330,1
6714105040,1.1
6714105039,3
6714104647,3
6714104368,1
6714103853,2.1
6714102898,1
6714101678,2.1
6708891345,nessun caso
6708820220,2
6708775161,2
6708773179,3
6708757856,2.1
6708753622,2
6708739616,2
6708725207,2.1
6708724555,2
6708724435,3
6708724397,3
6708723898,2.1
6708723895,2
6708723766,1.1
6708723534,2.1
6708723385,3
6708723299,3
6708722973,2.1
6708722802,3
6708722372,3
6708722247,2
6708721846,nessun caso
6708721642,nessun caso
6708721531,3
6708720838,2.1
6706327593,3
6706006699,3
6705999465,2
6705999178,2.1
6705998044,3
6705991e3,3
6705990621,2.1
6705990603,3
6705990218,nessun caso
6705990099,3
6705989861,nessun caso
6705989851,3
6705989580,3
6705988994,2.1
6705988980,3
6705988959,3
6705988837,2.1
6705988805,nessun caso
6705988574,3
6705988297,3
6705988281,2.1
6705951744,3
6705917591,2.1
6704802968,nessun caso
6704775611,2
6704768005,2
6704756767,1.1
6704741236,3
6704737016,2
6704071328,3
6704067448,nessun caso
6703973467,3
6703970231,nessun caso
6703969642,3
6703969611,3
6703969589,3
6703969568,3
6703969369,3
6703968877,3
6703968532,2.1
6703966899,3
6703965868,3
6689124247,nessun caso
6686614685,1
6686613854,2.1
6686613301,1.1
6686613128,3
6686611851,2
6686611645,3
6686611286,3
6686611182,2.1
6686611177,2.1
6686610848,2.1
6686610789,2.1
6686610783,3
6686600882,3
6686600767,2.1
6686600319,3
6686599987,3
6686599859,3
6686599836,2
6686599684,2
6686599474,3
6686599411,1
6686599313,3
6686525505,3
6683910678,1.1
6683910400,3
6683910032,3
6683909593,2
6683909456,1
6683909206,2
6683908921,3
6681259660,3
6681033936,3
6681032935,2
6681031804,2.1
6681031446,2
6681031365,2
6681031321,2.1
6681030912,3
6681030391,2.1
6681030102,3
6681030066,nessun caso
6681030013,3
6681013567,2.1
6681011510,3
6681010922,2.1
6681010741,2
6681010436,1.1
6681010116,3
6681009969,1
6681009955,3
6681009592,3
6679329955,3
6678388953,3
6678387686,3
6678375571,nessun caso
6678374811,3
6678372758,nessun caso
6678372471,3
6678372035,nessun caso
6678371728,3
6676969518,1.1
6676945398,1.1
6675700950,2
6672535986,1.1
6671354441,2.1
6671345234,nessun caso
6671343722,2.1
6671342756,3
6671342139,3
6671341731,1.1
6671340983,nessun caso
6671340954,3
6671340786,nessun caso
6671340705,3
6671340698,3
6671340491,2.1
6670753301,3
6670719017,nessun caso
6670593913,2
6670579618,3
6669613536,nessun caso
6669520104,3
6669063075,2.1
6669033559,3
6669029663,3
6669029532,3
6669028613,3
6668985637,3
6668981366,2
6668979755,nessun caso
6667806193,3
6666513004,3
6666505777,2.1
6666504001,1
6666503698,nessun caso
6666502667,1
6666501868,3
6666019125,3
6665782546,3
6665394533,1.1
6665366499,1.1
6665300896,nessun caso
6665239011,1.1
6665138174,1
6665121360,nessun caso
6665105789,nessun caso
6665084687,nessun caso
6665083475,nessun caso
6665082414,nessun caso
6665030794,3
6664972103,3
6664970571,1.1
6664764187,3
6664604067,3
6664600907,nessun caso
6664567283,3
6664547397,2
6664546969,2
6664526663,3
6664522630,2
6664520838,2.1
6664519376,3
6664053520,nessun caso
6663908468,nessun caso
6661759734,3
6661413925,2.1
6661409602,3
6661406118,3
6661404973,2.1
6661404484,1.1
6661404388,2.1
6661404327,3
6661404303,3
6661404245,nessun caso
6661404217,3
6661404213,nessun caso
6661403975,3
6661403906,3
6661403899,3
6661403801,2
6661403614,2
6658594723,nessun caso
6658587121,2
6658585852,3
6658584807,1.1
6658579876,3
6658579373,1.1
6658579282,3
6658578938,2.1
6658578764,nessun caso
6658578658,1.1
6658578353,3
6658578236,3
6658575623,nessun caso
6658574221,2.1
6658573169,3
6658572870,3
6658572688,nessun caso
6658555917,2
6658553100,2
6658552899,3
6658552878,2
6658552536,nessun caso
6658552503,3
6658552342,3
6658552190,2.1
6658551922,3
6658551008,3
6658548131,nessun caso
6658542289,3
6658539395,1
6658539169,3
6658538157,3
6658537889,3
6658536292,3
6658535995,2.1
6658535644,2.1
6658532672,3
6658531632,3
6658527472,2
6658524023,3
6658517837,3
6658517776,nessun caso
6658517675,3
6658517607,3
6658517465,2.1
6658517160,3
6658517103,3
6658517101,2.1
6658517093,3
6658517009,3
6658516934,3
6658516786,2
6658516502,3
6658516494,3
6658515873,3
6658486060,3
6658483501,3
6658482846,3
6658481478,3
6658480166,3
6658479539,3
6658478822,3
6658478254,2.1
6658477820,2.1
6658477672,3
6658473872,3
6658458067,3
6658458026,3
6658457592,3
6658457532,1.1
6658457357,3
6658457334,2
6658457232,2.1
6658457113,2
6658457015,3
6658456951,1.1
6658456876,2.1
6658456823,2.1
6658456678,3
6658456448,3
6658456438,2
6658377366,3
6657535948,2
6657327223,nessun caso
6656754754,3
6656726075,3
6656722656,3
6656563497,3
6656456671,2.1
6656394625,2.1
6656387105,2.1
6656363543,3
6656354978,nessun caso
6656346979,nessun caso
6656346873,nessun caso
6656346187,3
6656346136,3
6656345770,nessun caso
6656334790,nessun caso
6656334245,3
6656333668,nessun caso
6656333641,nessun caso
6656333372,3
6656332592,2.1
6656332471,3
6656332466,3
6656332339,1.1
6656332314,3
6656332274,3
6656332256,3
6656296374,nessun caso
6656292616,nessun caso
6656289200,3
6656288765,3
6656287774,nessun caso
6656286389,2.1
6656286267,3
6656285543,2
6656285478,nessun caso
6656285234,3
6656285220,nessun caso
6656285062,nessun caso
6656285025,nessun caso
6656284799,nessun caso
6656284606,1.1
6656284578,2
6656284350,3
6656284225,nessun caso
6656283444,nessun caso
6656283439,3
6656282679,3
6656282399,2
6656282070,3
6656282060,3
6655844708,2.1
6655658551,2.1
6654164531,3
6654159304,3
6654158560,3
6654154783,2.1
6654154329,2.1
6654154098,nessun caso
6654154085,2
6654153876,3
6654153822,2
6654153794,1
6654153735,2
6654153679,nessun caso
6654153678,2
6654153583,3
6654153441,nessun caso
6654152538,nessun caso
6654152447,nessun caso
6654152362,2
6654151744,nessun caso
6654151481,nessun caso
6652466136,1.1
6651963803,nessun caso
6651958529,1.1
6651955894,2.1
6651955553,nessun caso
6651954797,nessun caso
6651862575,3
6651859008,3
6651850487,1
6651848103,3
6651847820,1
6651847434,3
6651846967,nessun caso
6651846560,nessun caso
6651846452,nessun caso
6651837353,2.1
6651836851,1
6651836011,3
6651834318,2.1
6651834051,nessun caso
6651831159,3
6651831109,nessun caso
6651790452,2.1
6651788199,nessun caso
6651783870,nessun caso
6651781395,nessun caso
6651779483,nessun caso
6651779186,2.1
6651779085,2
6651778911,3
6651778839,3
6651775735,nessun caso
6651775671,3
6651771485,3
6651768286,nessun caso
6651768090,2.1
6651767820,3
6651767534,1.1
6651767527,nessun caso
6651767343,2.1
6651767107,2.1
6651766839,3
6651766656,nessun caso
6651765683,3
6651763560,3
6651762981,nessun caso
6651762400,2.1
6651762164,3
6651762159,2.1
6651760008,3
6651759919,3
6651759625,3
6651758284,3
6651758041,3
6648085925,1
6647046699,nessun caso
6646829616,3
6646829294,nessun caso
6646829205,3
6646827452,nessun caso
6646827393,nessun caso
6646827389,3
6646826698,nessun caso
6646826527,2
6646825180,2
6646824414,2
6644344770,nessun caso
6642322105,3
6642318648,3
6642316785,2.1
6642310671,3
6642309299,3
6642308705,nessun caso
6642308691,3
6642308364,3
6642308315,2.1
6642308154,2.1
6642308146,3
6642307928,3
6642307921,3
6642307600,2
6642307536,nessun caso
6642307327,3
6642307102,nessun caso
6642251762,nessun caso
6641007309,3
6640694510,2.1
6640357552,nessun caso
6640357092,nessun caso
6640350868,2.1
6640348144,2
6640347159,nessun caso
6640345104,2.1
6640344751,1
6640344636,nessun caso
6640344135,2.1
6640344096,2
6640344060,2
6640343988,3
6640343933,3
6640342797,2
6640342218,2
6640341692,3
6640341326,1
6640341254,2.1
6640340767,1.1
6640340582,2.1
6640340446,1.1
6640088113,2.1
6639082920,nessun caso
6638664043,2.1
6637991384,nessun caso
6635164821,3
6633837601,nessun caso
6630895898,2.1
6630895378,3
6630893523,2.1
6630892691,1.1
6630888615,2
6630886531,2.1
6630886152,1.1
6630885970,3
6630885962,3
6630885783,3
6630885564,2
6630885495,3
6630885459,3
6630885156,3
6624745078,nessun caso
